Code,Deskripsi,Total Januari,Total Februari,Total Maret,Total April,Total Mei,Total Juni,Total Juli,Total Agustus,Total September
A013,225/55 R18 98V SAVERO SUV-CURE,340.0,0.0,0.0,0.0,0.0,189.0,0.0,1150.0,404.0
A057,175/65 R14 82T CHAMPIRO 65-CUR,28.0,0.0,0.0,0.0,0.0,0.0,0.0,0.0,0.0
A227,235/45 ZR17 94W  ( TRG ) CHAMP,414.0,286.0,0.0,0.0,0.0,0.0,0.0,141.0,0.0
A287,LT 265/75 R16 112/109Q 6PR RWL,545.0,542.0,610.0,0.0,574.0,182.0,358.0,519.0,552.0
A288,31x10.50 R15 109Q LT 6PR RWL S,202.0,551.0,674.0,0.0,0.0,100.0,1342.0,479.0,462.0
A289,LT235/75 R15 104/101Q 6PR RWL,247.0,0.0,0.0,0.0,0.0,577.0,0.0,817.0,1037.0
A291,27x8.50 R14 95Q LT 6PR RWL  SA,436.0,3079.0,6462.0,3834.0,4835.0,3347.0,3229.0,3550.0,2814.0
A292,LT265/70 R17 121/118Q 10PR RWL,3327.0,449.0,3953.0,1890.0,5264.0,4268.0,1132.0,1235.0,3323.0
A293,LT195/75 R15 95/92Q 6PR RWL SA,32.0,205.0,0.0,0.0,389.0,142.0,189.0,244.0,0.0
A296,LT245/75 R16 120/116Q 10PR RWL,286.0,281.0,0.0,0.0,0.0,1208.0,0.0,545.0,0.0
A297,30x9.50 R15 104Q LT 6PR RWL SA,505.0,140.0,562.0,57.0,397.0,0.0,201.0,529.0,94.0
A322,195/55 R15 85V CHAMPIRO SX2-CU,3473.0,3008.0,3267.0,2997.0,2616.0,2211.0,3865.0,4856.0,4940.0
A323,205/50 R16 87V CHAMPIRO SX2-CU,1760.0,3368.0,1971.0,1765.0,1380.0,606.0,1685.0,2232.0,2466.0
A326,235/40 ZR17 90W CHAMPIRO SX2-C,539.0,0.0,0.0,0.0,0.0,0.0,0.0,0.0,0.0
A328,245/40 ZR18 93W CHAMPIRO SX2-C,825.0,637.0,326.0,0.0,0.0,595.0,108.0,355.0,365.0
A409,LT225/70 R17 110/107S OWL SAVE,256.0,0.0,788.0,118.0,0.0,0.0,178.0,894.0,28.0
A436,195 R14C 106/104R MAXMILER CX-,572.0,0.0,0.0,0.0,0.0,0.0,0.0,0.0,0.0
A448,155 R12C 8PR 88/86R MAXMILER C,196.0,116.0,0.0,0.0,0.0,0.0,0.0,0.0,0.0
A484,185/60 R15 88T XL  CHAMPIRO WI,56.0,0.0,0.0,0.0,0.0,0.0,0.0,0.0,0.0
A487,205/60 R16 92H  CHAMPIRO WINTE,56.0,0.0,0.0,0.0,0.0,0.0,0.0,0.0,0.0
A488,185/70 R13 106/104N SAVERO-CUR,1221.0,558.0,688.0,0.0,158.0,347.0,518.0,365.0,496.0
A499,31X10.50 R15 LT 109Q RWL SAVER,97.0,0.0,0.0,0.0,0.0,0.0,0.0,0.0,0.0
A508,205/70 R15 96H SAVERO SUV-CURE,1030.0,1019.0,1103.0,1096.0,1542.0,1394.0,913.0,1404.0,1843.0
A509,215/70 R15 98T SAVERO SUV-CURE,795.0,625.0,966.0,282.0,381.0,713.0,611.0,862.0,936.0
A538,215/70 R16 100H SAVERO SUV-CUR,1838.0,0.0,0.0,0.0,0.0,765.0,865.0,0.0,0.0
A552,31X10.5 R15 LT 109Q OWL SAVERO,737.0,1122.0,215.0,100.0,0.0,100.0,554.0,2251.0,617.0
A554,33X12.5 R15 LT 108Q OWL SAVERO,396.0,200.0,100.0,100.0,229.0,88.0,400.0,148.0,280.0
A556,LT245/75R16 120/116Q RWL SAVER,1429.0,622.0,292.0,0.0,292.0,685.0,1722.0,5770.0,3389.0
A559,LT265/75R16 112/109Q RWL SAVER,1422.0,648.0,1305.0,0.0,372.0,897.0,1335.0,3544.0,3253.0
A567,215/60 R16 95H SAVERO  SUV-CUR,422.0,285.0,28.0,0.0,0.0,0.0,0.0,0.0,0.0
A568,235/60 R16 100H SAVERO SUV-CUR,28.0,2328.0,4654.0,2820.0,3508.0,4185.0,4176.0,3299.0,2214.0
A570,235/65 R17 108V XL SAVERO SUV-,501.0,265.0,419.0,0.0,163.0,140.0,0.0,366.0,501.0
A580,265/65 R17 112H SAVERO SUV-CUR,3565.0,649.0,677.0,157.0,445.0,298.0,1943.0,1388.0,1469.0
A593,LT235/75 R15 104/101Q(C) RWL S,730.0,1058.0,0.0,0.0,0.0,100.0,100.0,3695.0,844.0
A663,225/60 R17 99H SAVERO SUV-CURE,474.0,716.0,317.0,0.0,0.0,1755.0,798.0,0.0,0.0
A748,215/55 R17 94V SAVERO SUV-CURE,2747.0,2050.0,4862.0,2502.0,3984.0,3973.0,3846.0,2767.0,0.0
A758,235/60 R18 107V XL SAVERO SUV-,448.0,1161.0,554.0,751.0,1409.0,2132.0,500.0,701.0,36.0
A759,265/60 R18 110H SAVERO SUV-CUR,2490.0,1492.0,2476.0,2712.0,4733.0,4899.0,4576.0,1641.0,48.0
A760,285/60 R18 116V SAVERO SUV-CUR,446.0,646.0,294.0,0.0,289.0,0.0,0.0,0.0,663.0
A761,205/75 R14C 109/107S WR CHAMPI,339.0,1179.0,1572.0,1632.0,0.0,0.0,0.0,0.0,701.0
A762,215/55 R18 99V XL SAVERO SUV-C,416.0,56.0,350.0,0.0,0.0,354.0,122.0,264.0,0.0
A763,235/55 R18 100V SAVERO SUV-CUR,421.0,454.0,545.0,0.0,466.0,50.0,280.0,593.0,892.0
A773,265/60 R18 110H RBL SAVERO A/T,688.0,627.0,0.0,84.0,370.0,0.0,0.0,0.0,0.0
A864,285/50 R20 112V  SAVERO SUV-CU,70.0,26.0,362.0,0.0,0.0,0.0,0.0,0.0,0.0
A874,265/70 R16 112T SAVERO  A/T PL,1225.0,844.0,0.0,0.0,240.0,0.0,581.0,0.0,0.0
AA003,P235/70 R16 104T DHT2-CURED TI,3052.0,2989.0,28.0,3308.0,6406.0,12499.0,6088.0,0.0,0.0
AA004,P245/70 R16 106T DHT2-CURED TI,647.0,440.0,338.0,321.0,2102.0,1334.0,1259.0,4126.0,2633.0
AA005,P255/70 R16 109T DHT2-CURED TI,1712.0,103.0,0.0,0.0,1758.0,3795.0,3314.0,4046.0,1893.0
AA006,P265/70 R16 111T DHT2-CURED TI,2493.0,2424.0,2449.0,2081.0,5841.0,8088.0,9068.0,6556.0,3993.0
AA008,P245/75 R16 109T DHT2-CURED TI,1254.0,1740.0,802.0,410.0,4013.0,5650.0,3631.0,3965.0,2397.0
AA009,P265/75 R16 114T DHT2-CURED TI,96.0,0.0,0.0,0.0,628.0,389.0,4580.0,5024.0,4000.0
AA011,P245/70 R17 108T DHT2-CURED TI,5354.0,1221.0,0.0,0.0,6555.0,6446.0,6809.0,5415.0,4655.0
AA012,P265/70 R17 113T DHT2-CURED TI,2306.0,8524.0,8176.0,6334.0,10106.0,11511.0,12874.0,8587.0,6726.0
AA013,P275/55 R20 111T DHT2-CURED TI,9412.0,4297.0,550.0,2340.0,7503.0,8325.0,7757.0,5274.0,4920.0
AA019,P225/70 R15 100T DHT2-CURED TI,7001.0,395.0,229.0,0.0,4263.0,5151.0,6255.0,5150.0,3621.0
AA024,195/60 R15 88H TOURING DTR1-CU,388.0,0.0,0.0,933.0,3674.0,1325.0,1944.0,509.0,1861.0
AA027,205/50 R17 93V XL TOURING DTR1,12.0,0.0,0.0,0.0,0.0,0.0,0.0,0.0,0.0
AA042,225/55 R17 97V TOURING DTR1-CU,1070.0,0.0,0.0,0.0,1035.0,3200.0,60.0,438.0,1002.0
AA044,225/60 R17 99H TOURING DTR1-CU,467.0,987.0,1453.0,0.0,0.0,2202.0,887.0,695.0,1172.0
AA047,225/65 R17 102H TOURING DTR1-C,893.0,0.0,438.0,230.0,0.0,2074.0,2852.0,3724.0,3239.0
AA058,185/60 R15 84T TOURING DTR1-CU,1256.0,70.0,0.0,0.0,393.0,1337.0,1359.0,162.0,0.0
AA061,195/70 R14 91S TOURING DTR1-CU,116.0,288.0,691.0,981.0,2091.0,680.0,1279.0,701.0,0.0
AA067,175/70 R14 84T TOURING DTR1-CU,65.0,0.0,401.0,0.0,0.0,0.0,102.0,0.0,0.0
AA073,215/70 R16 100H TOURING DTR1-C,1961.0,1293.0,843.0,0.0,1068.0,1158.0,688.0,732.0,791.0
AA074,225/70 R16 103T TOURING DTR1-C,733.0,1644.0,1359.0,120.0,485.0,698.0,440.0,332.0,0.0
AA075,225/55 R18 98H TOURING DTR1-CU,589.0,137.0,0.0,0.0,337.0,32.0,2299.0,220.0,1344.0
AA076,235/60 R18 103H TOURING DTR1-C,1358.0,28.0,902.0,0.0,1706.0,425.0,3914.0,1331.0,1194.0
AA078,215/45 R17 87V TOURING DTR1-CU,2569.0,440.0,885.0,0.0,3330.0,1485.0,413.0,0.0,0.0
AA079,225/45 R17 91H TOURING DTR1-CU,46.0,1330.0,351.0,0.0,1016.0,1520.0,857.0,0.0,0.0
AA082,225/50 R17 94V TOURING DTR1-CU,116.0,253.0,0.0,0.0,0.0,4317.0,1786.0,3061.0,1649.0
AA085,225/45 R18 95W XL TOURING DTR1,56.0,253.0,140.0,366.0,1263.0,283.0,2345.0,2796.0,1499.0
AA086,235/55 R17 99W TOURING DTR1-CU,635.0,0.0,0.0,0.0,1620.0,217.0,1117.0,674.0,258.0
AA089,235/50 R18 101W XL TOURING DTR,24.0,336.0,440.0,0.0,1385.0,924.0,1784.0,1570.0,1372.0
AA092,31X10.50R15 LT 109S 6PR DEXTER,265.0,196.0,814.0,790.0,0.0,30.0,0.0,0.0,0.0
AA093,LT245/75R16 120/116S 10PR DEXT,4065.0,5468.0,5445.0,316.0,5697.0,6311.0,6250.0,9039.0,7165.0
AA094,LT265/75R16 123/120S 10PR DEXT,5115.0,5452.0,6333.0,2858.0,4814.0,5791.0,4929.0,6309.0,4246.0
AA095,LT265/70R17 121/118S 10PR DEXT,9238.0,8339.0,5771.0,3548.0,7007.0,7452.0,5927.0,4585.0,3940.0
AA096,P275/65R18 114T DEXTERO DAT1-C,9257.0,6231.0,187.0,2390.0,7359.0,6293.0,5160.0,8366.0,5001.0
AA105,P275/60 R20 114H DHT2-CURED TI,21.0,953.0,2173.0,2033.0,7007.0,4893.0,0.0,1406.0,4302.0
AA106,P265/60R18 109T DHT2-CURED TIR,2653.0,1759.0,2217.0,147.0,3354.0,3929.0,4080.0,6093.0,6138.0
AA107,P265/65 R18 112T DHT2-CURED TI,2795.0,989.0,96.0,261.0,2952.0,2716.0,2488.0,3945.0,2629.0
AS024,245/40ZR17 91W VALERA Sport AS,65.0,0.0,0.0,0.0,0.0,0.0,0.0,0.0,0.0
AS031,215/45ZR17 91W XL CHAMPIRO UHP,575.0,89.0,584.0,0.0,0.0,0.0,0.0,0.0,0.0
AS033,225/45ZR17 94W XL CHAMPIRO UHP,351.0,0.0,0.0,0.0,144.0,0.0,0.0,0.0,0.0
AS034,225/55ZR17 97W CHAMPIRO UHP AS,262.0,6.0,0.0,0.0,0.0,0.0,0.0,0.0,0.0
AS036,235/45ZR17 97W XL CHAMPIRO UHP,278.0,10.0,0.0,0.0,0.0,0.0,0.0,0.0,0.0
AS037,205/50ZR17 93W XL CHAMPIRO UHP,351.0,0.0,0.0,0.0,0.0,0.0,0.0,0.0,0.0
AS039,205/50R16 87V CHAMPIRO UHP AS-,473.0,0.0,0.0,0.0,0.0,0.0,0.0,0.0,0.0
AS043,225/45ZR18 91W CHAMPIRO UHP AS,497.0,0.0,383.0,0.0,0.0,0.0,0.0,0.0,0.0
AS044,225/50ZR16 92W CHAMPIRO UHP AS,370.0,0.0,0.0,0.0,0.0,0.0,0.0,0.0,0.0
AS045,235/50ZR18 101W XL CHAMPIRO UH,35.0,0.0,0.0,0.0,0.0,0.0,0.0,0.0,52.0
AS048,235/40ZR18 95Y XL CHAMPIRO UHP,48.0,485.0,0.0,0.0,0.0,0.0,0.0,246.0,0.0
AS049,225/50ZR18 95W CHAMPIRO UHP AS,443.0,0.0,0.0,0.0,361.0,0.0,0.0,0.0,0.0
AS054,245/45ZR19 98Y CHAMPIRO UHP AS,443.0,9.0,0.0,0.0,0.0,0.0,0.0,203.0,0.0
AS057,215/45ZR18 93Y XL CHAMPIRO UHP,355.0,463.0,0.0,0.0,0.0,0.0,0.0,0.0,0.0
AS058,195/60 R15 88T MAXTOUR All Sea,96.0,0.0,0.0,0.0,0.0,0.0,402.0,0.0,0.0
AS066,175/70 R14 84T MAXTOUR All Sea,1208.0,1726.0,271.0,0.0,0.0,2992.0,3871.0,670.0,0.0
AS068,185/65 R15 88H MAXTOUR All Sea,96.0,0.0,0.0,0.0,0.0,0.0,0.0,0.0,0.0
AS072,205/60 R15 91H MAXTOUR All Sea,1118.0,235.0,0.0,0.0,0.0,0.0,0.0,0.0,0.0
AS079,P265/70 R16 111T OWL ADVENTURO,313.0,0.0,0.0,56.0,0.0,337.0,100.0,0.0,338.0
AS084,P245/70 R17 108T OWL ADVENTURO,283.0,0.0,0.0,0.0,288.0,568.0,217.0,0.0,252.0
AS086,P265/65R18 112S OWL ADVENTURO,52.0,0.0,0.0,0.0,0.0,0.0,0.0,612.0,64.0
AS087,P235/75 R15 105S OWL ADVENTURO,99.0,119.0,944.0,340.0,0.0,562.0,540.0,443.0,966.0
AS088,P265/60R18 109T OWL ADVENTURO,119.0,0.0,0.0,392.0,0.0,409.0,393.0,0.0,0.0
AS089,P235/75 R17 108S OWL ADVENTURO,29.0,0.0,0.0,0.0,0.0,0.0,73.0,0.0,0.0
AS090,P265/70 R18 114S OWL ADVENTURO,69.0,0.0,0.0,0.0,0.0,0.0,176.0,0.0,297.0
AS092,LT265/75 R16 123/120S 10PR OWL,560.0,0.0,362.0,0.0,0.0,0.0,0.0,274.0,532.0
AS093,31X10.50 R15LT 109S 6PR OWL AD,73.0,0.0,0.0,0.0,0.0,192.0,204.0,0.0,0.0
AS094,LT285/75 R16 126/123R 10PR OWL,81.0,205.0,0.0,48.0,458.0,0.0,22.0,213.0,331.0
AS095,LT285/70 R17 121/118S 10PR OWL,547.0,0.0,0.0,0.0,0.0,0.0,126.0,0.0,681.0
AS100,LT235/80 R17 120/117S 10PR OWL,112.0,0.0,295.0,0.0,0.0,0.0,77.0,0.0,112.0
AS102,LT265/70 R17 121/118S 10PR OWL,167.0,0.0,119.0,72.0,0.0,332.0,116.0,0.0,280.0
AS105,LT285/65 R18 125/122S 10PR OWL,343.0,108.0,0.0,0.0,0.0,0.0,63.0,231.0,0.0
AS109,225/55 R19 99V MAXTOUR LX-CURE,403.0,122.0,0.0,0.0,0.0,0.0,123.0,243.0,251.0
AS113,225/50 R18 95V MAXTOUR LX-CURE,687.0,0.0,685.0,0.0,0.0,324.0,0.0,0.0,0.0
AS118,205/65 R16 95H MAXTOUR LX-CURE,67.0,224.0,87.0,230.0,0.0,0.0,366.0,0.0,0.0
AS132,P255/60R19 108H ADVENTURO HT-C,36.0,506.0,0.0,106.0,0.0,0.0,0.0,0.0,0.0
AS137,LT225/75R16 115/112S 10PR ADVE,824.0,970.0,0.0,0.0,0.0,28.0,247.0,0.0,0.0
AS161,LT275/70R18 125/122S E OWL ADV,302.0,0.0,0.0,0.0,0.0,0.0,0.0,138.0,62.0
AS166,265/65R17 112T (RM) ALL SEASON,85.0,0.0,0.0,0.0,0.0,0.0,0.0,0.0,0.0
AS167,265/60R18 110T (RM) ALL SEASON,738.0,0.0,0.0,0.0,0.0,0.0,0.0,0.0,0.0
AS168,265/65R18 114T (RM) ALL SEASON,2007.0,56.0,0.0,0.0,0.0,0.0,0.0,0.0,0.0
AS169,265/70R18 116T (RM) ALL SEASON,182.0,0.0,0.0,0.0,0.0,0.0,0.0,0.0,0.0
AS170,275/60R20 115H (RM) ALL SEASON,1642.0,0.0,0.0,0.0,0.0,0.0,0.0,0.0,0.0
AS171,LT225/75R16 115/112S (RM) ALL,1802.0,0.0,0.0,0.0,0.0,0.0,0.0,0.0,0.0
AS198,LT245/75R17 121/118S (RM) ALL,961.0,462.0,1197.0,382.0,231.0,353.0,1296.0,2008.0,1977.0
AS200,LT275/70R18 125/122S (RM) ALL,72.0,0.0,0.0,0.0,730.0,3745.0,1259.0,3280.0,2948.0
AV105,175/70 R13 82H (LC)GTR-378-CUR,301.0,0.0,0.0,0.0,0.0,112.0,0.0,0.0,0.0
AX456,195 R15C 106/104R MAXMILER CX-,8358.0,658.0,0.0,0.0,0.0,0.0,1502.0,33.0,0.0
AX584,215/60 R17 96H SAVERO SUV-CURE,3410.0,0.0,1725.0,987.0,2322.0,2203.0,1162.0,1167.0,1254.0
AX864,285/50 R20 112V SAVERO SUV-CUR,496.0,0.0,0.0,0.0,0.0,0.0,0.0,0.0,0.0
B022,235/40 ZR18 95Y XL CHAMPIRO HP,509.0,0.0,446.0,0.0,0.0,0.0,0.0,0.0,0.0
B023,225/40 ZR18 92Y XL CHAMPIRO HP,613.0,19.0,557.0,0.0,0.0,0.0,0.0,0.0,0.0
B025,225/40 ZR19 93Y XL  CHAMPIRO H,305.0,0.0,0.0,0.0,0.0,0.0,0.0,0.0,174.0
B027,225/50 ZR17 98Y XL  CHAMPIRO H,289.0,0.0,0.0,0.0,0.0,0.0,0.0,0.0,0.0
B045,245/45 ZR17 99Y XL  CHAMPIRO H,497.0,0.0,0.0,0.0,0.0,0.0,0.0,0.0,0.0
B054,225/45 ZR18 91Y CHAMPIRO HPY-C,688.0,0.0,0.0,0.0,0.0,0.0,0.0,0.0,0.0
B056,235/50 ZR18 101Y XL CHAMPIRO H,1562.0,81.0,476.0,0.0,524.0,1287.0,725.0,478.0,461.0
B057,225/45 ZR17 94Y XL CHAMPIRO HP,713.0,0.0,588.0,0.0,0.0,0.0,0.0,0.0,0.0
B058,215/45 ZR17 91Y XL CHAMPIRO HP,761.0,0.0,697.0,0.0,0.0,0.0,0.0,495.0,0.0
B059,245/40 ZR17 95Y XL CHAMPIRO HP,40.0,0.0,0.0,0.0,0.0,0.0,0.0,0.0,0.0
B123,235/55 R19 105W XL CHAMPIRO HP,1101.0,13.0,0.0,186.0,248.0,423.0,420.0,296.0,280.0
B134,275/55 R20 117V XL CHAMPIRO HP,780.0,0.0,0.0,0.0,0.0,0.0,0.0,0.0,0.0
B230,205/55 R15 88V CHAMPIRO BAX-CU,75.0,0.0,0.0,0.0,0.0,0.0,0.0,0.0,0.0
B255,235/65 R16C 10PR 121/119R MAXM,1454.0,576.0,560.0,796.0,868.0,1105.0,74.0,592.0,46.0
B256,165 R13C 8PR 94/92R MAXMILER P,10797.0,13089.0,11517.0,5272.0,10782.0,13762.0,17053.0,14156.0,4407.0
B288,175/70 R12 80H  CHAMPIRO ECO-C,113.0,210.0,450.0,544.0,928.0,284.0,112.0,0.0,705.0
B322,7.50R16 8PR LT 114/112R  MAXMI,5216.0,800.0,3769.0,786.0,3514.0,4532.0,3611.0,605.0,844.0
B326,195/60 R14 86H  CHAMPIRO ECO-C,354.0,233.0,0.0,0.0,0.0,0.0,0.0,0.0,0.0
B345,235/60 R18 107V XL  CHAMPIRO H,838.0,0.0,0.0,0.0,0.0,0.0,253.0,0.0,434.0
B346,235/55 ZR18 104W XL  CHAMPIRO,553.0,0.0,0.0,0.0,0.0,0.0,0.0,0.0,0.0
B347,225/65 R17 102V  CHAMPIRO HPY-,743.0,0.0,0.0,0.0,299.0,0.0,688.0,34.0,0.0
B348,255/45 ZR20 101Y  CHAMPIRO HPY,411.0,485.0,527.0,115.0,504.0,335.0,352.0,254.0,0.0
B349,205/45 ZR17 88W XL  CHAMPIRO H,863.0,308.0,0.0,281.0,1016.0,90.0,0.0,168.0,536.0
B350,205/50 ZR17 93W XL  CHAMPIRO H,478.0,0.0,361.0,0.0,0.0,0.0,0.0,0.0,0.0
B354,195 R15C 8PR 106/104R MAXMILER,820.0,302.0,2214.0,1242.0,4097.0,4972.0,66.0,6246.0,157.0
B356,175 R13C 8PR 97/95R MAXMILER P,2460.0,513.0,625.0,986.0,2399.0,1466.0,732.0,488.0,1896.0
B360,215/65 R16C 8PR 109/107T MAXMI,422.0,0.0,0.0,0.0,468.0,0.0,0.0,0.0,0.0
B363,205/75 R16C 10PR 113/111R MAXM,224.0,1616.0,352.0,0.0,0.0,1085.0,617.0,3139.0,1318.0
B366,175/75 R16C 8PR 101/99R MAXMIL,428.0,0.0,0.0,0.0,0.0,0.0,0.0,0.0,0.0
B374,225/75 R16C 10PR 118/116R MAXM,1365.0,606.0,1065.0,2160.0,2679.0,559.0,2305.0,2224.0,2863.0
B375,225/70 R15C 8PR 112/110R MAXMI,1230.0,253.0,112.0,0.0,0.0,104.0,56.0,0.0,659.0
B378,215/70 R16C 6PR 108/106T MAXMI,1069.0,812.0,0.0,0.0,512.0,313.0,1007.0,2740.0,75.0
B379,225/45 R17 94W XL Champiro GTX,737.0,0.0,569.0,327.0,714.0,0.0,0.0,0.0,0.0
B382,235/75 R15 105S WR CHAMPIRO BX,541.0,0.0,0.0,0.0,0.0,0.0,0.0,0.0,0.0
B385,225/75 R15 102S WR CHAMPIRO BX,479.0,201.0,2052.0,350.0,75.0,346.0,742.0,0.0,0.0
B392,155/80 R12 77T CHAMPIRO BXT PL,305.0,100.0,326.0,0.0,1366.0,714.0,709.0,573.0,215.0
B400,145/70 R12 69T CHAMPIRO BXT PL,109.0,208.0,267.0,228.0,432.0,0.0,0.0,0.0,0.0
B401,175/70 R12 80H CHAMPIRO BXT PL,325.0,102.0,365.0,0.0,798.0,768.0,422.0,578.0,238.0
B415,195/65 R14 89H CHAMPIRO BXT PR,483.0,0.0,0.0,0.0,0.0,186.0,0.0,0.0,0.0
B430,P265/70 R17 113T OWL SAVERO HT,1069.0,0.0,306.0,269.0,530.0,0.0,950.0,0.0,0.0
B431,LT265/70 R17 121/118R 10PR OWL,28.0,290.0,0.0,78.0,0.0,0.0,0.0,0.0,29.0
B433,P255/70 R16 109T OWL SAVERO HT,400.0,34.0,0.0,0.0,0.0,0.0,0.0,191.0,296.0
B436,P265/75 R16 114T OWL SAVERO HT,413.0,457.0,0.0,50.0,0.0,0.0,225.0,327.0,0.0
B437,P275/60 R17 110T OWL SAVERO HT,375.0,0.0,0.0,0.0,24.0,81.0,228.0,17.0,0.0
B438,P235/70 R17 108S XL OWL SAVERO,316.0,0.0,0.0,0.0,0.0,0.0,0.0,0.0,0.0
B439,LT245/70 R17 119/116R 10PR SAV,550.0,309.0,0.0,0.0,0.0,0.0,0.0,0.0,121.0
B440,P265/65 R17 110T OWL SAVERO HT,388.0,0.0,0.0,0.0,0.0,1555.0,815.0,0.0,0.0
B441,P255/70 R18 112T SAVERO HT2-CU,771.0,266.0,0.0,0.0,764.0,0.0,0.0,0.0,0.0
B442,P245/60 R18 104T SAVERO HT2-CU,725.0,145.0,0.0,0.0,0.0,0.0,0.0,197.0,0.0
B443,P235/75 R15 105T OWL SAVERO HT,2281.0,1997.0,926.0,91.0,0.0,0.0,207.0,0.0,427.0
B444,P265/70 R16 111T OWL SAVERO HT,1647.0,51.0,388.0,313.0,345.0,0.0,0.0,0.0,0.0
B446,31X10.5 R15 LT 109R 6PR OWL SA,336.0,0.0,0.0,0.0,172.0,0.0,0.0,0.0,0.0
B447,P235/70 R16 104T OWL SAVERO HT,448.0,0.0,0.0,0.0,269.0,48.0,131.0,0.0,0.0
B449,P245/70 R17 108T OWL SAVERO HT,314.0,0.0,0.0,203.0,49.0,0.0,0.0,0.0,461.0
B451,P235/75 R16 106T SAVERO HT2-CU,318.0,0.0,0.0,0.0,114.0,0.0,59.0,28.0,0.0
B455,P245/65 R17 105T SAVERO HT2-CU,285.0,0.0,246.0,72.0,0.0,0.0,0.0,0.0,0.0
B457,LT225/75 R16 115/112R 10PR  SA,1223.0,0.0,0.0,365.0,326.0,104.0,0.0,0.0,0.0
B461,P245/75 R16 109T OWL SAVERO HT,330.0,0.0,0.0,318.0,0.0,0.0,0.0,0.0,439.0
B463,P265/60 R18 109T OWL SAVERO HT,525.0,385.0,0.0,0.0,124.0,486.0,225.0,0.0,422.0
B466,235/60 R16 100V CHAMPIRO GTX P,736.0,206.0,697.0,1012.0,1538.0,969.0,1459.0,2492.0,704.0
B468,205/65 R15 94H CHAMPIRO GTX PR,663.0,486.0,1465.0,844.0,1806.0,3445.0,3574.0,2831.0,2165.0
B470,215/45 R17 91V XL CHAMPIRO GTX,1587.0,242.0,593.0,390.0,1578.0,2758.0,612.0,1156.0,745.0
B471,205/45 R17 88V XL CHAMPIRO GTX,2050.0,1923.0,1931.0,797.0,1233.0,609.0,1680.0,1258.0,1727.0
B475,195/50 R16 84V CHAMPIRO GTX PR,3627.0,3648.0,3321.0,2275.0,2834.0,3649.0,4835.0,5405.0,4569.0
B476,205/50 R17 93V XL CHAMPIRO GTX,539.0,187.0,0.0,0.0,157.0,265.0,0.0,463.0,0.0
B477,215/55 R17 94V CHAMPIRO GTX PR,820.0,99.0,405.0,0.0,838.0,678.0,151.0,625.0,109.0
B479,225/55 R17 101V XL CHAMPIRO GT,374.0,422.0,293.0,0.0,23.0,906.0,278.0,591.0,0.0
B481,205/50 R16 87V CHAMPIRO GTX PR,485.0,738.0,353.0,622.0,431.0,423.0,490.0,1255.0,99.0
B484,205/55 R16 91V CHAMPIRO GTX PR,4366.0,2422.0,4938.0,3710.0,4539.0,4798.0,4798.0,4324.0,2427.0
B487,195/50 R15 82V CHAMPIRO GTX PR,1964.0,1659.0,881.0,1953.0,2192.0,2403.0,4129.0,2992.0,1903.0
B489,195/45 R16 84W XL CHAMPIRO GTX,473.0,196.0,70.0,0.0,305.0,317.0,577.0,0.0,0.0
B490,195/55 R15 85V CHAMPIRO GTX PR,1374.0,4344.0,3757.0,3223.0,3761.0,4273.0,6096.0,5688.0,5475.0
B491,185/55 R15 82V CHAMPIRO GTX PR,48.0,2050.0,3002.0,2204.0,3159.0,2521.0,5359.0,0.0,3472.0
B493,175/65 R15 84H CHAMPIRO GTX PR,478.0,269.0,260.0,0.0,0.0,0.0,0.0,478.0,0.0
B494,185/65 R13 84H CHAMPIRO GTX PR,304.0,105.0,492.0,610.0,424.0,212.0,110.0,265.0,179.0
B495,205/60 R16 92V CHAMPIRO GTX PR,706.0,28.0,497.0,0.0,250.0,0.0,707.0,312.0,567.0
B496,195/55 R16 87V CHAMPIRO GTX PR,649.0,1750.0,1794.0,2505.0,2932.0,3979.0,2730.0,2681.0,246.0
B497,195/60 R15 88H CHAMPIRO GTX PR,1517.0,585.0,1241.0,2863.0,3477.0,2519.0,0.0,0.0,0.0
B498,205/60 R15 91H CHAMPIRO GTX PR,32.0,129.0,0.0,0.0,184.0,0.0,514.0,514.0,457.0
B499,185/60 R14 82H CHAMPIRO GTX PR,1177.0,1031.0,1263.0,553.0,1527.0,1410.0,1761.0,0.0,0.0
B500,195/60 R14 86H CHAMPIRO GTX PR,504.0,483.0,322.0,0.0,0.0,0.0,0.0,0.0,937.0
B501,195/65 R15 91H CHAMPIRO GTX PR,1446.0,2000.0,1142.0,771.0,2398.0,2797.0,3722.0,2478.0,779.0
B503,185/65 R14 86H CHAMPIRO GTX PR,1484.0,1428.0,2580.0,1760.0,2738.0,3801.0,4661.0,5882.0,3323.0
B504,185/65 R15 88H CHAMPIRO GTX PR,5217.0,3299.0,4441.0,2957.0,3195.0,3915.0,0.0,0.0,0.0
B505,185/60 R15 84H CHAMPIRO GTX PR,2199.0,2483.0,3095.0,718.0,3368.0,2419.0,3690.0,0.0,0.0
B510,195/60 R15 88H CHAMPIRO TOURIN,1202.0,0.0,0.0,1275.0,0.0,0.0,0.0,0.0,530.0
B516,235/65 R17 104H CHAMPIRO TOURI,887.0,0.0,0.0,0.0,0.0,0.0,0.0,0.0,0.0
B517,225/65 R17 102H CHAMPIRO TOURI,2147.0,614.0,3950.0,0.0,0.0,60.0,0.0,0.0,0.0
B518,225/55 R17 97V CHAMPIRO TOURIN,2916.0,2577.0,1844.0,1817.0,0.0,105.0,0.0,0.0,0.0
B519,235/60 R16 100H CHAMPIRO TOURI,56.0,0.0,216.0,0.0,112.0,478.0,723.0,62.0,457.0
B520,225/60 R17 99H CHAMPIRO TOURIN,3785.0,3294.0,346.0,482.0,73.0,0.0,142.0,435.0,1598.0
B522,235/60 R17 102T CHAMPIRO TOURI,3319.0,63.0,0.0,451.0,155.0,582.0,0.0,0.0,0.0
B525,215/65 R17 99T CHAMPIRO TOURIN,407.0,631.0,485.0,250.0,1618.0,0.0,0.0,0.0,0.0
B532,205/65 R16 95H CHAMPIRO TOURIN,495.0,0.0,0.0,0.0,0.0,0.0,0.0,0.0,0.0
B534,225/65 R16 100T CHAMPIRO TOURI,662.0,91.0,281.0,0.0,74.0,322.0,1051.0,527.0,0.0
B535,175/65 R15 84H CHAMPIRO TOURIN,1162.0,1839.0,201.0,0.0,0.0,0.0,1485.0,0.0,1002.0
B538,225/65 R17 102H SAVERO HT2-CUR,450.0,1380.0,28.0,0.0,0.0,364.0,328.0,0.0,0.0
B539,P275/55 R20 111H SAVERO HT2-CU,3922.0,29.0,860.0,600.0,0.0,0.0,0.0,0.0,0.0
B541,P275/65 R18 114T SAVERO HT2-CU,1933.0,912.0,0.0,0.0,504.0,636.0,457.0,365.0,0.0
B542,P245/55 R19 103S SAVERO HT2-CU,52.0,0.0,305.0,0.0,0.0,0.0,183.0,0.0,0.0
B546,LT235/80 R17 120/117R 10PR SAV,28.0,0.0,0.0,0.0,0.0,0.0,167.0,68.0,0.0
B547,LT245/75 R17 121/118S 10PR SAV,48.0,337.0,0.0,231.0,0.0,0.0,194.0,0.0,0.0
B549,P225/75 R16 106S XL OWL SAVERO,361.0,346.0,0.0,0.0,0.0,0.0,167.0,0.0,0.0
B550,275/45 R20 110V XL SAVERO HT2-,547.0,38.0,0.0,0.0,0.0,0.0,0.0,0.0,0.0
B576,195/75R14 92T TOURING VP PLUS-,575.0,0.0,0.0,0.0,0.0,688.0,0.0,0.0,0.0
B578,205/70R14 98T XL TOURING VP PL,283.0,0.0,0.0,0.0,0.0,0.0,0.0,0.0,0.0
B590,235/65R17 104T TOURING VP PLUS,33.0,0.0,0.0,0.0,0.0,0.0,63.0,0.0,0.0
B595,205/65 R16 95H CHAMPIRO TOURIN,2721.0,731.0,916.0,947.0,0.0,0.0,0.0,0.0,0.0
B597,215/50 R17 95V XL CHAMPIRO TOU,56.0,213.0,540.0,84.0,435.0,1963.0,0.0,0.0,0.0
B598,225/50 R17 94V CHAMPIRO TOURIN,1213.0,185.0,0.0,963.0,3091.0,1659.0,222.0,402.0,0.0
B599,225/50 R18 95T CHAMPIRO TOURIN,287.0,0.0,759.0,0.0,0.0,0.0,183.0,0.0,355.0
B600,225/40 ZR18 88W (R) CHAMPIRO S,766.0,0.0,595.0,0.0,0.0,0.0,34.0,329.0,422.0
B601,195/50 R15 82V (R) CHAMPIRO SX,4453.0,3285.0,4110.0,2329.0,4595.0,4059.0,4819.0,7188.0,5650.0
B603,235/40 ZR18 91W (R) CHAMPIRO S,775.0,600.0,403.0,0.0,312.0,237.0,937.0,802.0,326.0
B610,215/45 ZR17 87W CHAMPIRO SX2-C,1016.0,1200.0,402.0,188.0,0.0,0.0,0.0,498.0,167.0
B611,225/45 ZR17 91W CHAMPIRO SX2-C,514.0,294.0,411.0,760.0,249.0,824.0,202.0,361.0,346.0
B612,245/40 ZR17 91W CHAMPIRO SX2-C,316.0,394.0,0.0,0.0,0.0,0.0,0.0,0.0,0.0
B622,185/55 R16 83V CHAMPIRO GTX PR,64.0,402.0,3230.0,263.0,1561.0,1381.0,2267.0,2370.0,2090.0
B623,185/60R15C 94/92T MAXMILER PRO,96.0,160.0,65.0,0.0,829.0,1057.0,176.0,166.0,0.0
B624,P205/65R15 95T XL MAXMILER PRO,29.0,0.0,0.0,0.0,0.0,0.0,0.0,0.0,0.0
B625,215/55R16 97H XL MAXMILER PRO-,341.0,0.0,0.0,0.0,246.0,0.0,0.0,0.0,0.0
B627,225/75R16C 121/120R MAXMILER P,169.0,0.0,0.0,0.0,140.0,0.0,0.0,0.0,313.0
B630,LT235/85R16 120/116R E MAXMILE,294.0,0.0,0.0,0.0,0.0,0.0,0.0,0.0,0.0
B631,LT245/75R16 120/116Q E MAXMILE,987.0,0.0,0.0,0.0,0.0,445.0,96.0,0.0,336.0
B632,LT245/75R17 121/118R E MAXMILE,481.0,378.0,0.0,0.0,0.0,0.0,0.0,0.0,0.0
B640,205/65 R16 95H CHAMPIRO LUXE-C,13036.0,11439.0,13152.0,9108.0,6835.0,10505.0,12880.0,7785.0,7532.0
B643,195 R14C 8PR 106/104R MAXMILER,12029.0,6964.0,6764.0,6518.0,9140.0,18871.0,15689.0,15988.0,10620.0
B644,165/80R13 94/93N LT MAXMILER P,10890.0,11208.0,11196.0,16960.0,25415.0,13767.0,13810.0,13707.0,13051.0
B651,215/55 R17 94V CHAMPIRO HPY-CU,1484.0,342.0,55.0,0.0,0.0,0.0,506.0,67.0,185.0
B656,195/50 R15 82W CHAMPIRO SX-R-C,360.0,807.0,298.0,388.0,254.0,410.0,0.0,711.0,913.0
B666,225/55R18 98V CHAMPIRO TOURING,505.0,0.0,93.0,197.0,913.0,830.0,0.0,0.0,0.0
B684,145/70 R12 69S CHAMPIRO ECOTEC,8669.0,1751.0,0.0,685.0,2260.0,0.0,0.0,1409.0,2954.0
B685,31X10.50R15LT 6PR 109S OWL SAV,555.0,0.0,0.0,0.0,1119.0,0.0,105.0,405.0,837.0
B686,LT265/75R16 119/116S 8PR OWL S,241.0,75.0,129.0,128.0,300.0,0.0,635.0,0.0,0.0
B687,LT245/75R16 120/116S 10PR OWL,257.0,0.0,0.0,0.0,337.0,0.0,218.0,0.0,245.0
B688,LT265/70R17 121/118S 10PR OWL,244.0,642.0,0.0,0.0,0.0,0.0,0.0,0.0,194.0
B690,205/70 R15 96T SAVERO A/T PRO-,3296.0,1915.0,212.0,640.0,1388.0,1261.0,3997.0,3088.0,1846.0
B691,235/70 R15 103S OWL SAVERO A/T,797.0,866.0,952.0,1876.0,2935.0,4370.0,5892.0,2430.0,1854.0
B692,LT285/70R17 121/118S 10PR OWL,756.0,0.0,364.0,24.0,0.0,0.0,455.0,229.0,398.0
B693,285/50R20 112H SAVERO A/T PRO-,328.0,0.0,0.0,0.0,219.0,33.0,0.0,0.0,0.0
B695,265/70R15 112T OWL SAVERO A/T,349.0,190.0,0.0,0.0,0.0,144.0,0.0,0.0,0.0
B696,255/70R16 111T OWL SAVERO A/T,409.0,0.0,0.0,0.0,0.0,316.0,0.0,0.0,0.0
B697,245/70R16 107T OWL SAVERO A/T,745.0,760.0,677.0,632.0,995.0,871.0,829.0,0.0,0.0
B698,225/75R15 102T OWL SAVERO A/T,56.0,0.0,0.0,0.0,192.0,0.0,0.0,0.0,0.0
B699,265/70R16 112T OWL SAVERO A/T,997.0,1594.0,1849.0,475.0,775.0,1390.0,2714.0,4692.0,3432.0
B700,265/65R17 112T OWL SAVERO A/T,385.0,1877.0,2632.0,1396.0,2552.0,976.0,3087.0,7413.0,3189.0
B701,235/75 R15 105T OWL SAVERO A/T,559.0,1363.0,746.0,695.0,0.0,1698.0,1058.0,1184.0,1989.0
B702,265/60R18 110S OWL SAVERO A/T,1680.0,990.0,1535.0,750.0,986.0,1799.0,1718.0,1893.0,1990.0
B703,275/55R20 113H OWL SAVERO A/T,216.0,15.0,0.0,0.0,168.0,0.0,152.0,67.0,0.0
B704,275/65R17 115T OWL SAVERO A/T,339.0,0.0,0.0,0.0,0.0,0.0,0.0,303.0,0.0
B705,LT255/70R15 113/110S 8PR OWL S,670.0,0.0,0.0,0.0,0.0,0.0,895.0,458.0,472.0
B707,265/50R20 107H SAVERO A/T PRO-,509.0,0.0,0.0,0.0,279.0,645.0,802.0,0.0,0.0
B708,255/65R17 110T OWL SAVERO A/T,366.0,0.0,0.0,0.0,0.0,0.0,0.0,961.0,192.0
B716,175/65R15 84H TOURING VP PLUS-,423.0,194.0,311.0,0.0,0.0,376.0,36.0,0.0,0.0
B725,265/35 R18 97W XL CHAMPIRO SX-,576.0,321.0,278.0,0.0,0.0,0.0,0.0,0.0,0.0
B737,185/55 R15 82H CHAMPIRO ECOTEC,1071.0,1033.0,590.0,1707.0,816.0,1492.0,1542.0,2564.0,1494.0
B739,185/60 R15 84H CHAMPIRO ECOTEC,1518.0,2417.0,1280.0,1286.0,2819.0,2384.0,5389.0,2656.0,1816.0
B741,195/60 R15 88H CHAMPIRO ECOTEC,2097.0,650.0,3184.0,3905.0,3527.0,3459.0,3165.0,2353.0,1298.0
B742,195/55 R15 85H CHAMPIRO ECOTEC,1439.0,878.0,598.0,848.0,1006.0,2143.0,708.0,77.0,0.0
B743,205/70 R15 96T CHAMPIRO ECOTEC,785.0,160.0,720.0,577.0,405.0,289.0,1037.0,2987.0,46.0
B744,185/55 R16 83H CHAMPIRO ECOTEC,821.0,862.0,1275.0,843.0,542.0,256.0,610.0,485.0,435.0
B746,205/60 R16 92H CHAMPIRO ECOTEC,522.0,0.0,0.0,0.0,0.0,0.0,0.0,0.0,0.0
B747,215/65 R16 98H CHAMPIRO ECOTEC,2223.0,936.0,1556.0,613.0,698.0,1217.0,989.0,1012.0,656.0
B759,235/50 R18 97V CHAMPIRO TOURIN,21.0,32.0,389.0,0.0,57.0,343.0,170.0,536.0,28.0
B760,235/60 R18 103V CHAMPIRO TOURI,2281.0,1822.0,2713.0,2135.0,217.0,0.0,0.0,522.0,92.0
B764,255/50 R19 107V XL CHAMPIRO TO,464.0,10.0,0.0,0.0,434.0,0.0,219.0,0.0,489.0
B765,225/55 R19 99V CHAMPIRO TOURIN,200.0,46.0,0.0,615.0,233.0,0.0,145.0,30.0,374.0
B809,225/50 R17 94V CHAMPIRO LUXE-C,228.0,0.0,68.0,0.0,0.0,0.0,0.0,0.0,0.0
BM033,195/60 R14 86H RIKEN RAPTOR HR,227.0,0.0,0.0,0.0,0.0,0.0,0.0,0.0,0.0
BM099,205/60 R15 91H RIKEN RAPTOR HR,430.0,0.0,0.0,0.0,0.0,0.0,0.0,0.0,464.0
BM102,205/60 R16 92H RIKEN RAPTOR HR,543.0,0.0,0.0,303.0,86.0,0.0,457.0,639.0,0.0
BM108,205/60 R16 92V RIKEN RAPTOR VR,544.0,0.0,0.0,0.0,0.0,0.0,0.0,0.0,0.0
BM110,225/60 R16 98V RIKEN RAPTOR VR,512.0,0.0,0.0,0.0,0.0,0.0,0.0,0.0,306.0
BM111,215/60 R14 91H RIKEN RAPTOR HR,289.0,0.0,0.0,0.0,0.0,0.0,0.0,482.0,0.0
BM112,225/55 R17 97H RIKEN RAPTOR HR,558.0,385.0,82.0,10.0,440.0,0.0,529.0,661.0,0.0
BM116,215/55 R17 94V RIKEN RAPTOR VR,662.0,0.0,1043.0,26.0,663.0,0.0,0.0,530.0,0.0
BM124,225/60 R18 100H  RIKEN RAPTOR,1138.0,0.0,0.0,0.0,354.0,514.0,411.0,1570.0,0.0
BM230,225/45 ZR17 94W XL RIKEN RAPTO,778.0,0.0,0.0,0.0,500.0,204.0,359.0,817.0,0.0
BM231,205/55 ZR16 94W XL RIKEN RAPTO,38.0,565.0,435.0,82.0,605.0,608.0,0.0,543.0,0.0
BM234,225/40 ZR18 92W XL RIKEN RAPTO,622.0,0.0,751.0,0.0,0.0,0.0,575.0,960.0,0.0
BM235,215/50 ZR17 91W RIKEN RAPTOR Z,656.0,0.0,0.0,369.0,518.0,0.0,0.0,134.0,6.0
BM236,215/45 ZR17 91W XL RIKEN RAPTO,51.0,0.0,0.0,0.0,0.0,0.0,421.0,658.0,6.0
BM239,245/45 ZR18 96W RIKEN RAPTOR Z,689.0,0.0,0.0,0.0,0.0,225.0,0.0,595.0,0.0
BM243,245/40 ZR17 91W RIKEN RAPTOR Z,421.0,0.0,0.0,0.0,0.0,0.0,0.0,0.0,0.0
BM245,255/50 ZR17 101W RIKEN RAPTOR,532.0,0.0,0.0,0.0,0.0,0.0,0.0,593.0,0.0
BM248,245/50 ZR16 97W RIKEN RAPTOR Z,519.0,0.0,0.0,0.0,409.0,11.0,0.0,420.0,0.0
BM257,205/45 ZR17 88W XL RIKEN RAPTO,398.0,83.0,217.0,0.0,0.0,437.0,0.0,185.0,0.0
BM352,225/45 R17 91V UNIROYAL TIGER,43.0,0.0,0.0,0.0,0.0,0.0,0.0,0.0,0.0
BM365,225/70 R16 103H UNIROYAL TIGER,392.0,488.0,1588.0,1474.0,1595.0,0.0,1663.0,1939.0,0.0
BM366,265/40 R21 105V XL UNIROYAL TI,939.0,1188.0,3269.0,1883.0,1196.0,0.0,2278.0,1539.0,1040.0
BM371,215/55 R16 97V XL UNIROYAL TIG,665.0,512.0,560.0,378.0,395.0,0.0,287.0,0.0,0.0
BM372,195/50 R16 84V UNIROYAL TIGER,720.0,1103.0,40.0,469.0,229.0,262.0,340.0,0.0,188.0
BM375,205/45 R17 84V UNIROYAL TIGER,344.0,13.0,0.0,456.0,91.0,264.0,310.0,369.0,0.0
BM396,195/50 R15 82H KLEBER DYNAXER,522.0,747.0,1561.0,1819.0,562.0,1915.0,19.0,584.0,56.0
BM397,195/50 R15 82V KLEBER DYNAXER,503.0,1197.0,1430.0,1187.0,1962.0,996.0,4.0,855.0,577.0
BM406,195/50 R15 82V BFGOODRICH ADVA,623.0,0.0,0.0,0.0,0.0,460.0,0.0,318.0,0.0
BM407,195/50 R15 82H BFGOODRICH ADVA,497.0,0.0,0.0,0.0,0.0,0.0,0.0,516.0,0.0
BM431,225/65 R17 102V RIKEN RAPTOR V,441.0,879.0,187.0,376.0,518.0,513.0,497.0,707.0,534.0
BM432,225/55 R18 98V RIKEN RAPTOR VR,689.0,0.0,652.0,217.0,466.0,1036.0,0.0,614.0,182.0
BM433,235/45 R18 94V RIKEN RAPTOR VR,1325.0,171.0,0.0,0.0,0.0,518.0,0.0,754.0,206.0
BM436,205/65 R16 95H RIKEN RAPTOR HR,529.0,13.0,508.0,192.0,0.0,0.0,0.0,0.0,0.0
BM438,235/55 R19 101V RIKEN RAPTOR V,449.0,78.0,0.0,622.0,9.0,0.0,516.0,616.0,0.0
BM442,245/45 R20 99V RIKEN RAPTOR VR,457.0,81.0,0.0,0.0,0.0,0.0,0.0,0.0,0.0
BM451,235/65 R17 104H UNIROYAL TIGER,2278.0,5438.0,6213.0,3361.0,1575.0,2685.0,1753.0,6686.0,8.0
BM452,245/60 R18 105V UNIROYAL TIGER,3956.0,4687.0,8834.0,5176.0,7495.0,6642.0,3340.0,5666.0,2195.0
BM453,235/65 R18 106V UNIROYAL TIGER,2830.0,4886.0,5011.0,2042.0,4510.0,4975.0,5333.0,5638.0,549.0
BM454,245/55 R19 103V UNIROYAL TIGER,3038.0,2736.0,296.0,3509.0,4236.0,1576.0,2.0,1058.0,0.0
BM455,255/50 R20 105V UNIROYAL TIGER,2997.0,1290.0,3535.0,3037.0,1800.0,565.0,1504.0,2644.0,772.0
BM456,255/60 R19 109H UNIROYAL TIGER,2423.0,572.0,1105.0,1804.0,3671.0,899.0,1840.0,1910.0,893.0
BM457,255/50 R19 107V XL UNIROYAL TI,986.0,286.0,711.0,892.0,996.0,1096.0,703.0,332.0,330.0
BM459,245/65 R17 107H UNIROYAL TIGER,960.0,1045.0,410.0,697.0,2591.0,1245.0,1564.0,1849.0,294.0
BM460,265/60 R18 110V UNIROYAL TIGER,1079.0,964.0,1176.0,666.0,296.0,1085.0,1577.0,958.0,739.0
BM461,235/65 R16 103V UNIROYAL TIGER,215.0,0.0,0.0,0.0,0.0,308.0,0.0,0.0,265.0
BM462,235/65 R16 103H UNIROYAL TIGER,329.0,34.0,392.0,517.0,787.0,326.0,376.0,0.0,355.0
BM464,255/55 R18 105V UNIROYAL TIGER,339.0,0.0,0.0,0.0,0.0,0.0,0.0,0.0,424.0
BM465,255/55 R20 107H UNIROYAL TIGER,2365.0,3.0,1508.0,2441.0,3415.0,13.0,1546.0,1976.0,467.0
BM466,265/50 R20 107V UNIROYAL TIGER,2497.0,510.0,2913.0,3918.0,2505.0,0.0,1447.0,1065.0,188.0
BM468,255/60 R18 108H UNIROYAL TIGER,1093.0,1165.0,1386.0,702.0,2999.0,878.0,1761.0,1871.0,0.0
BM469,275/40 R21 107V XL UNIROYAL TI,352.0,753.0,1009.0,36.0,291.0,367.0,1135.0,834.0,898.0
BM476,245/45 ZR20 103Y XL UNIROYAL P,631.0,0.0,0.0,814.0,0.0,0.0,0.0,0.0,0.0
BM477,235/45 ZR18 98Y XL UNIROYAL PO,391.0,343.0,36.0,0.0,0.0,0.0,0.0,0.0,0.0
BM478,225/45 ZR19 96W XL UNIROYAL PO,461.0,295.0,0.0,498.0,141.0,0.0,0.0,0.0,0.0
BM482,235/55 ZR17 103Y XL UNIROYAL P,256.0,304.0,98.0,0.0,0.0,0.0,0.0,0.0,0.0
BM488,225/45 ZR18 95Y XL UNIROYAL PO,29.0,283.0,0.0,0.0,0.0,0.0,0.0,0.0,0.0
BM491,245/45 ZR19 102Y XL UNIROYAL P,353.0,0.0,617.0,0.0,0.0,0.0,247.0,72.0,0.0
BM492,255/40 ZR19 100Y XL UNIROYAL P,842.0,16.0,0.0,0.0,0.0,323.0,0.0,0.0,325.0
BM498,215/45 ZR18 93Y XL UNIROYAL PO,358.0,1011.0,944.0,0.0,411.0,404.0,543.0,0.0,689.0
BM509,275/40 ZR17 98W UNIROYAL POWER,206.0,0.0,0.0,420.0,0.0,0.0,0.0,0.0,0.0
BM515,245/50 ZR19 105W XL UNIROYAL P,485.0,350.0,1503.0,1826.0,872.0,917.0,163.0,0.0,584.0
BM524,215/55 ZR16 93W UNIROYAL POWER,347.0,298.0,0.0,0.0,0.0,0.0,0.0,0.0,0.0
BM527,255/45 ZR18 103Y XL UNIROYAL P,361.0,0.0,0.0,0.0,443.0,0.0,0.0,0.0,0.0
BV296,155/65 R13 73T  CHAMPIRO ECO-C,100.0,90.0,119.0,0.0,0.0,0.0,100.0,0.0,0.0
BV309,165/70 R13 79T  CHAMPIRO ECO-C,174.0,112.0,105.0,453.0,0.0,100.0,0.0,0.0,0.0
BV310,165/70 R14 85T XL  CHAMPIRO EC,594.0,1512.0,0.0,0.0,0.0,0.0,0.0,0.0,0.0
BV328,155/80 R13 79T (ADM)  CHAMPIRO,10641.0,8561.0,10716.0,6336.0,8568.0,0.0,0.0,0.0,0.0
BV333,145/80 R13 75T  CHAMPIRO ECO-C,193.0,0.0,0.0,0.0,0.0,0.0,0.0,0.0,0.0
BV395,185/70 R14 88T CHAMPIRO BXT PL,631.0,0.0,0.0,740.0,932.0,537.0,1424.0,0.0,0.0
BV404,155/70 R13 75T CHAMPIRO BXT PL,117.0,100.0,185.0,303.0,473.0,138.0,183.0,0.0,0.0
BV513,185/65 R14 86H CHAMPIRO TOURIN,2044.0,2205.0,1717.0,1377.0,0.0,0.0,0.0,0.0,0.0
BV572,165/55 R14 72H CHAMPIRO BXT PR,310.0,0.0,0.0,0.0,0.0,0.0,0.0,0.0,0.0
BV676,165/65 R13 77T CHAMPIRO ECOTEC,702.0,412.0,1429.0,447.0,0.0,0.0,1797.0,343.0,103.0
BV721,185/65R14 86H TOURING VP PLUS-,761.0,0.0,1684.0,100.0,1885.0,1640.0,1096.0,0.0,0.0
BV728,175/60 R13 77H CHAMPIRO ECOTEC,698.0,407.0,234.0,0.0,0.0,0.0,0.0,0.0,0.0
BV734,185/65 R14 86H CHAMPIRO ECOTEC,100.0,1752.0,2017.0,0.0,0.0,0.0,0.0,0.0,0.0
BV735,185/60 R14 82H CHAMPIRO ECOTEC,235.0,829.0,221.0,1243.0,1593.0,414.0,306.0,0.0,0.0
BV778,155/70 R13 75T CHAMPIRO ECOTEC,379.0,0.0,256.0,0.0,125.0,0.0,379.0,451.0,0.0
BX254,185 R14C 8PR 102/100R MAXMILER,5955.0,10031.0,11916.0,6582.0,9514.0,7498.0,7934.0,14214.0,10112.0
BX452,P215/70 R15 97S SAVERO HT2-CUR,52.0,288.0,0.0,0.0,0.0,0.0,0.0,0.0,0.0
BX506,195/65 R15 91H CHAMPIRO TOURIN,905.0,984.0,3379.0,646.0,0.0,0.0,360.0,1689.0,0.0
BX508,205/55 R16 91H CHAMPIRO TOURIN,13078.0,2822.0,0.0,0.0,0.0,870.0,1030.0,746.0,1196.0
BX509,215/60 R16 95H CHAMPIRO TOURIN,1308.0,1120.0,0.0,0.0,0.0,0.0,727.0,0.0,263.0
BX511,205/60 R16 92V CHAMPIRO TOURIN,1481.0,0.0,0.0,0.0,0.0,0.0,0.0,0.0,0.0
BX512,225/60 R16 98H CHAMPIRO TOURIN,2734.0,3859.0,1016.0,860.0,84.0,3433.0,2930.0,0.0,0.0
BX514,215/55 R17 94V CHAMPIRO TOURIN,1009.0,0.0,1224.0,165.0,0.0,71.0,200.0,1923.0,57.0
BX529,205/65 R15 94H CHAMPIRO TOURIN,3276.0,2505.0,1856.0,1716.0,1177.0,510.0,0.0,366.0,0.0
BX530,215/55 R16 93H CHAMPIRO TOURIN,3606.0,3866.0,4200.0,1526.0,0.0,0.0,0.0,0.0,0.0
BX539,P275/55 R20 111H SAVERO HT2-CU,17.0,19.0,0.0,0.0,0.0,0.0,0.0,0.0,0.0
BX551,175/65 R14 82T CHAMPIRO ECO-CU,65744.0,58213.0,65195.0,40853.0,63804.0,67416.0,79030.0,77327.0,61298.0
BX575,185/65 R15 88H TOURING VP PLUS,1470.0,0.0,0.0,0.0,0.0,0.0,0.0,0.0,0.0
BX577,205/55R16 91H TOURING VP PLUS-,371.0,0.0,0.0,0.0,0.0,0.0,279.0,0.0,0.0
BX580,205/75R14 95T TOURING VP PLUS-,289.0,366.0,0.0,0.0,0.0,0.0,0.0,0.0,0.0
BX581,205/75 R15 97T TOURING VP PLUS,1349.0,105.0,893.0,720.0,1407.0,1132.0,0.0,0.0,0.0
BX585,225/60R16 98H TOURING VP PLUS-,471.0,0.0,0.0,0.0,0.0,0.0,0.0,0.0,0.0
BX587,235/55R18 100H TOURING VP PLUS,127.0,466.0,0.0,0.0,0.0,34.0,0.0,0.0,0.0
BX638,205/65 R16 95H CHAMPIRO ECOTEC,5768.0,1518.0,2295.0,2235.0,3409.0,6684.0,7716.0,4058.0,4710.0
BX639,205/60 R17 94H CHAMPIRO ECOTEC,1147.0,0.0,0.0,0.0,0.0,3972.0,1732.0,0.0,1302.0
BX642,175/R14C 8PR 99/98S MAXMILER P,8558.0,12205.0,9430.0,4756.0,10600.0,1953.0,17541.0,9437.0,15141.0
BX669,215/65 R16 98S SAVERO SUV-CURE,10227.0,7929.0,9667.0,5553.0,9236.0,13693.0,6339.0,1785.0,6756.0
BX670,225/65 R17 102H SAVERO SUV-CUR,1889.0,0.0,1090.0,662.0,2491.0,1931.0,1903.0,2769.0,1732.0
BX671,225/60 R18 100H SAVERO SUV-CUR,56.0,85.0,28.0,1693.0,2087.0,2172.0,961.0,6046.0,3049.0
BX675,205/65 R15 94H CHAMPIRO ECOTEC,5692.0,5829.0,2379.0,3600.0,7219.0,11227.0,8411.0,10615.0,4373.0
BX677,185/65 R15 88H CHAMPIRO ECOTEC,17333.0,11282.0,5621.0,3958.0,25735.0,17168.0,21454.0,25668.0,11759.0
BX678,195/60 R16 89H CHAMPIRO ECOTEC,6058.0,7942.0,7893.0,5315.0,8760.0,10762.0,7931.0,9853.0,9704.0
BX679,205/50 R17 89V CHAMPIRO ECOTEC,691.0,0.0,3948.0,149.0,3657.0,7246.0,5014.0,1489.0,3249.0
BX681,215/60 R17 96H CHAMPIRO ECOTEC,1127.0,513.0,753.0,983.0,1084.0,874.0,1120.0,1216.0,1255.0
BX683,205/60 R16 92H CHAMPIRO ECOTEC,1538.0,2846.0,2214.0,0.0,2245.0,879.0,0.0,4911.0,19.0
BX717,195/65R15 91H TOURING VP PLUS-,3437.0,3026.0,4337.0,0.0,3832.0,4823.0,0.0,0.0,0.0
BX726,165/80 R13 83S CHAMPIRO ECOTEC,1127.0,3123.0,3793.0,2553.0,5405.0,5447.0,5058.0,5807.0,3438.0
BX729,185/70 R13 86S CHAMPIRO ECOTEC,366.0,859.0,909.0,0.0,0.0,0.0,0.0,0.0,1241.0
BX731,175/65 R14 82H CHAMPIRO ECOTEC,11623.0,8631.0,7554.0,6441.0,8338.0,9683.0,8009.0,11180.0,11392.0
BX732,185/80 R14 91T CHAMPIRO ECOTEC,1593.0,0.0,631.0,726.0,1556.0,104.0,1158.0,1684.0,1179.0
BX733,185/70 R14 88T CHAMPIRO ECOTEC,14367.0,9527.0,9115.0,8846.0,13489.0,12555.0,13288.0,17143.0,8989.0
BX740,195/65 R15 91H CHAMPIRO ECOTEC,5009.0,4733.0,3033.0,1126.0,3579.0,5094.0,7458.0,10005.0,7038.0
BX755,225/45 R17 91V CHAMPIRO TOURIN,1825.0,0.0,189.0,28.0,0.0,0.0,0.0,0.0,0.0
BX757,225/45 R18 95V XL CHAMPIRO TOU,358.0,0.0,603.0,1211.0,257.0,256.0,1152.0,0.0,0.0
BX774,175/70 R13 82H CHAMPIRO ECOTEC,1808.0,2211.0,7361.0,5700.0,6305.0,5453.0,4553.0,7764.0,2972.0
BX776,195/70 R14 91H CHAMPIRO ECOTEC,4610.0,2916.0,2366.0,0.0,2037.0,2782.0,2338.0,4558.0,4903.0
BX786,265/50 R20 107V SAVERO SUV-CUR,167.0,15.0,0.0,0.0,0.0,0.0,0.0,0.0,0.0
BX812,225/55 R17 97V CHAMPIRO LUXE-C,104.0,0.0,0.0,0.0,0.0,0.0,0.0,0.0,0.0
XA010,P245/65 R17 105T DHT2-CURED TI,2208.0,0.0,0.0,0.0,0.0,9537.0,7634.0,9710.0,4980.0
XA025,195/65 R15 91H TOURING DTR1-CU,851.0,5468.0,11254.0,1292.0,3575.0,2212.0,3500.0,3104.0,3259.0
XA028,205/55 R16 91H TOURING DTR1-CU,539.0,1441.0,240.0,3685.0,6558.0,2468.0,3584.0,238.0,4189.0
XA030,205/60 R16 92H TOURING DTR1-CU,2339.0,1826.0,3675.0,0.0,1701.0,3295.0,1894.0,2571.0,2747.0
XA035,215/55 R17 94V TOURING DTR1-CU,28.0,1081.0,3545.0,613.0,1270.0,3344.0,2777.0,4083.0,3931.0
XA037,215/60 R16 95H TOURING DTR1-CU,2109.0,1286.0,0.0,0.0,5112.0,0.0,4593.0,2704.0,5265.0
XA043,225/60 R16 98H TOURING DTR1-CU,175.0,1028.0,1446.0,538.0,4297.0,1891.0,3981.0,2109.0,1104.0
XA049,235/55 R18 100H TOURING DTR1-C,1343.0,212.0,0.0,0.0,175.0,1173.0,711.0,35.0,285.0
XA053,235/65 R17 104T TOURING DTR1-C,112.0,0.0,0.0,440.0,0.0,0.0,2452.0,570.0,1540.0
XA055,215/70 R15 98T TOURING DTR1-CU,224.0,707.0,570.0,357.0,901.0,2049.0,3193.0,434.0,0.0
XA062,205/70 R15 96T TOURING DTR1-CU,216.0,0.0,0.0,0.0,2195.0,1587.0,532.0,0.0,0.0
XA087,235/45 R18 94V TOURING DTR1-CU,1109.0,0.0,426.0,1177.0,1271.0,1607.0,349.0,0.0,0.0
XA088,215/55 R16 93H TOURING DTR1-CU,217.0,487.0,0.0,0.0,0.0,0.0,0.0,0.0,0.0
XA097,P235/75 R15 108S XL DEXTERO DA,5301.0,6142.0,324.0,4865.0,6129.0,8279.0,12397.0,16612.0,0.0
XM368,225/60 R17 99V UNIROYAL TIGER,819.0,309.0,695.0,1426.0,1719.0,0.0,304.0,2141.0,507.0
XM369,225/60 R18 100V UNIROYAL TIGER,586.0,1329.0,1019.0,39.0,300.0,160.0,561.0,341.0,0.0
XM370,185/55 R15 82V UNIROYAL TIGER,1065.0,618.0,474.0,438.0,731.0,373.0,700.0,1623.0,640.0
XM373,225/50 R16 92V UNIROYAL TIGER,143.0,241.0,0.0,0.0,329.0,0.0,0.0,0.0,0.0
XM374,225/50 R18 95V UNIROYAL TIGER,467.0,419.0,358.0,0.0,529.0,0.0,0.0,527.0,20.0
XM376,185/65 R15 88T KLEBER DYNAXER,18020.0,15314.0,9856.0,12285.0,13213.0,15295.0,4967.0,5925.0,6948.0
XM377,195/65 R15 91T KLEBER DYNAXER,1038.0,1990.0,1124.0,2091.0,2662.0,2505.0,2105.0,320.0,1166.0
XM378,185/70 R15 89W KLEBER DYNAXER,818.0,421.0,328.0,252.0,287.0,13.0,0.0,0.0,0.0
XM379,205/65 R15 94V KLEBER DYNAXER,600.0,0.0,256.0,707.0,393.0,0.0,237.0,281.0,381.0
XM380,195/65 R15 91H KLEBER DYNAXER,17290.0,14454.0,13410.0,14554.0,19010.0,11577.0,2534.0,3584.0,7371.0
XM381,195/65 R15 91V KLEBER DYNAXER,2350.0,3316.0,2687.0,3094.0,3071.0,3430.0,1856.0,0.0,1812.0
XM382,195/65 R15 95H XL KLEBER DYNAX,2706.0,2392.0,3845.0,1874.0,950.0,4747.0,1185.0,0.0,785.0
XM383,195/65 R15 95T XL KLEBER DYNAX,1042.0,2517.0,4532.0,6697.0,1694.0,6449.0,305.0,0.0,1580.0
XM384,205/65 R15 94H KLEBER DYNAXER,1352.0,1118.0,2086.0,3192.0,2646.0,3968.0,1647.0,0.0,0.0
XM385,185/65 R15 88H KLEBER DYNAXER,3790.0,15046.0,16036.0,7515.0,3434.0,7391.0,11560.0,7987.0,8129.0
XM386,185/65 R15 92T XL KLEBER DYNAX,3916.0,2207.0,4517.0,4855.0,3320.0,3781.0,305.0,299.0,1622.0
XM389,205/60 R15 91V KLEBER DYNAXER,436.0,0.0,0.0,0.0,801.0,0.0,0.0,349.0,34.0
XM390,175/65 R15 84H KLEBER DYNAXER,2545.0,1697.0,1139.0,5321.0,2087.0,2619.0,4206.0,0.0,649.0
XM391,175/65 R15 84T KLEBER DYNAXER,298.0,0.0,0.0,700.0,715.0,1237.0,533.0,0.0,0.0
XM392,185/55 R15 82H KLEBER DYNAXER,3756.0,2076.0,3280.0,3309.0,660.0,4760.0,0.0,351.0,2727.0
XM393,185/55 R15 82V KLEBER DYNAXER,404.0,5.0,0.0,1093.0,466.0,872.0,0.0,603.0,637.0
XM394,185/60 R15 84H KLEBER DYNAXER,5913.0,6726.0,7798.0,8557.0,10682.0,3782.0,5506.0,2206.0,3911.0
XM395,185/60 R15 88H XL KLEBER DYNAX,2531.0,3001.0,4436.0,2522.0,4483.0,1407.0,1779.0,1298.0,1810.0
XM398,195/55 R15 85H KLEBER DYNAXER,294.0,2.0,1108.0,656.0,1015.0,751.0,938.0,0.0,223.0
XM399,195/55 R15 85V KLEBER DYNAXER,630.0,614.0,1897.0,1455.0,654.0,1537.0,450.0,427.0,1568.0
XM400,195/60 R15 88H KLEBER DYNAXER,909.0,2545.0,1790.0,1184.0,2051.0,1810.0,0.0,0.0,955.0
XM401,195/60 R15 88V KLEBER DYNAXER,341.0,0.0,791.0,571.0,1841.0,1949.0,0.0,345.0,630.0
XM402,195/65 R15 91H BFGOODRICH ADVA,883.0,1158.0,2796.0,2963.0,2581.0,1963.0,0.0,0.0,705.0
XM403,195/65 R15 91V BFGOODRICH ADVA,538.0,1071.0,1377.0,151.0,441.0,862.0,765.0,318.0,1146.0
XM404,195/65 R15 95H XL BFGOODRICH A,734.0,498.0,334.0,0.0,640.0,0.0,664.0,0.0,0.0
XM405,195/65 R15 95T XL  BFGOODRICH,167.0,628.0,673.0,378.0,832.0,350.0,278.0,276.0,305.0
XM410,185/55 R15 82H BFGOODRICH ADVA,552.0,2.0,600.0,323.0,712.0,1165.0,540.0,0.0,0.0
XM411,185/55 R15 82V BFGOODRICH ADVA,600.0,771.0,1697.0,1136.0,379.0,817.0,0.0,706.0,0.0
XM412,185/60 R15 84H BFGOODRICH ADVA,557.0,480.0,1608.0,89.0,987.0,483.0,371.0,0.0,604.0
XM413,185/60 R15 88H XL BFGOODRICH A,545.0,12.0,364.0,54.0,742.0,0.0,514.0,339.0,695.0
XM414,205/65 R15 94H BFGOODRICH ADVA,554.0,0.0,0.0,0.0,416.0,17.0,208.0,0.0,0.0
XM415,185/65 R15 88H BFGOODRICH ADVA,1461.0,348.0,4490.0,2429.0,825.0,876.0,0.0,995.0,1132.0
XM416,185/65 R15 92T XL BFGOODRICH A,666.0,3.0,888.0,748.0,0.0,1247.0,0.0,457.0,817.0
XM417,175/65 R15 84H BFGOODRICH ADVA,580.0,1034.0,0.0,542.0,564.0,984.0,0.0,292.0,0.0
XM419,195/55 R15 85H BFGOODRICH ADVA,637.0,0.0,460.0,0.0,0.0,0.0,0.0,0.0,0.0
XM421,195/60 R15 88H BFGOODRICH ADVA,318.0,0.0,1070.0,0.0,0.0,256.0,0.0,470.0,62.0
XM422,195/60 R15 88V BFGOODRICH ADVA,480.0,0.0,834.0,0.0,0.0,0.0,0.0,0.0,0.0
XM423,185/65 R15 88T BFGOODRICH ADVA,3552.0,3014.0,3750.0,1127.0,493.0,1930.0,715.0,671.0,1255.0
XM424,195/65 R15 91T BFGOODRICH ADVA,300.0,0.0,0.0,0.0,0.0,0.0,0.0,0.0,0.0
XM450,235/60 R18 103H UNIROYAL TIGER,8775.0,6389.0,9569.0,5833.0,8337.0,8806.0,9784.0,9868.0,150.0
XM458,235/60 R18 103V UNIROYAL TIGER,3626.0,1090.0,1863.0,1297.0,1315.0,2004.0,3035.0,1182.0,651.0
XM472,225/60 ZR18 100W UNIROYAL POWE,414.0,0.0,0.0,0.0,0.0,0.0,0.0,0.0,0.0
XM480,215/55 ZR17 98Y XL UNIROYAL PO,241.0,0.0,285.0,0.0,0.0,339.0,349.0,0.0,0.0
XM486,225/50 ZR17 98Y XL UNIROYAL PO,278.0,0.0,0.0,0.0,0.0,0.0,0.0,0.0,0.0
XS062,215/60 R16 95T MAXTOUR All Sea,242.0,0.0,0.0,802.0,0.0,0.0,171.0,58.0,0.0
XS063,225/60 R16 98T MAXTOUR All Sea,604.0,0.0,84.0,0.0,0.0,162.0,0.0,0.0,0.0
XS065,175/70 R13 82T MAXTOUR All Sea,202.0,300.0,644.0,282.0,950.0,436.0,0.0,0.0,165.0
XS076,215/75 R15 100T MAXTOUR All Se,482.0,0.0,0.0,0.0,0.0,0.0,355.0,0.0,1233.0
XS117,205/60 R16 92V MAXTOUR LX-CURE,1126.0,0.0,0.0,0.0,0.0,0.0,0.0,0.0,0.0
XS178,195/65 R15 91H MAXTOUR LX-CURE,420.0,524.0,671.0,1153.0,2695.0,0.0,1018.0,1106.0,670.0
XS181,225/65 R17 102H MAXTOUR LX-CUR,2232.0,0.0,0.0,0.0,0.0,0.0,0.0,0.0,0.0
XS182,225/50 R18 95V GiTiComfort 225,48.0,0.0,0.0,0.0,0.0,0.0,0.0,0.0,53.0
XS204,205/55 R16 91V MAXTOUR LX-CURE,2911.0,1761.0,968.0,4898.0,5914.0,2129.0,1345.0,60.0,0.0
XS205,215/60 R16 95V MAXTOUR LX-CURE,366.0,738.0,0.0,0.0,0.0,0.0,144.0,214.0,0.0
A129,195/50 ZR15 82W (TRG)  CHAMPIR,0.0,94.0,179.0,0.0,0.0,531.0,119.0,0.0,481.0
A295,33x10.50 R15 114Q LT 6PR RWL S,0.0,264.0,294.0,0.0,0.0,0.0,0.0,0.0,0.0
A330,225/55 R19 99V SAVERO SUV-CURE,0.0,293.0,0.0,803.0,0.0,0.0,0.0,0.0,0.0
A359,215/40 ZR17 87W RF CHAMPIRO HP,0.0,64.0,0.0,0.0,0.0,0.0,0.0,0.0,0.0
A546,245/70 R16 111H XL SAVERO SUV-,0.0,72.0,703.0,0.0,0.0,162.0,815.0,0.0,0.0
A551,265/70 R16 112H SAVERO SUV-CUR,0.0,527.0,390.0,0.0,163.0,0.0,0.0,0.0,0.0
A729,255/60 R17 106V SAVERO SUV-CUR,0.0,287.0,96.0,0.0,0.0,0.0,0.0,0.0,0.0
A749,235/55 R17 99V SAVERO  SUV-CUR,0.0,276.0,473.0,56.0,0.0,0.0,0.0,329.0,0.0
A774,255/60 R18 112H XL RBL SAVERO,0.0,199.0,413.0,284.0,72.0,0.0,0.0,0.0,0.0
A829,265/50 R20 107V SAVERO SUV-CUR,0.0,662.0,48.0,0.0,1040.0,563.0,558.0,0.0,0.0
A870,31X10.5 R15 LT 109S OWL SAVERO,0.0,367.0,0.0,105.0,0.0,0.0,0.0,0.0,0.0
A871,205/70 R15 96T  SAVERO A/T PLU,0.0,1556.0,64.0,0.0,0.0,0.0,0.0,0.0,2305.0
A877,235/75 R15 105T SAVERO A/T PLU,0.0,408.0,847.0,45.0,0.0,0.0,0.0,0.0,622.0
A883,235/70 R15 103S OWL SAVERO  A/,0.0,406.0,200.0,175.0,0.0,0.0,0.0,0.0,1135.0
A886,245/70 R16 111T XL  SAVERO A/T,0.0,437.0,0.0,0.0,0.0,0.0,0.0,0.0,0.0
AA007,P225/75 R16 106T XL DHT2-CURED,0.0,505.0,0.0,0.0,3307.0,4197.0,3680.0,3585.0,2861.0
AA010,P245/65 R17 105T DHT2-CURED TI,0.0,418.0,0.0,0.0,0.0,0.0,0.0,0.0,0.0
AA014,LT225/75 R16 115/112R 10PR DHT,0.0,171.0,0.0,0.0,0.0,0.0,0.0,0.0,0.0
AA015,LT245/75 R16 120/116R 10PR DHT,0.0,16.0,569.0,0.0,92.0,0.0,0.0,0.0,0.0
AA018,LT265/70 R17 121/118R 10PR DHT,0.0,175.0,0.0,0.0,0.0,0.0,0.0,0.0,0.0
AA022,185/60 R14 82H TOURING DTR1-CU,0.0,250.0,0.0,0.0,0.0,0.0,0.0,0.0,0.0
AA037,215/60 R16 95H TOURING DTR1-CU,0.0,2387.0,4029.0,4452.0,1926.0,7139.0,1232.0,0.0,0.0
AA038,215/60 R17 96T TOURING DTR1-CU,0.0,261.0,0.0,0.0,0.0,769.0,616.0,0.0,0.0
AA054,215/65 R16 98T TOURING DTR1-CU,0.0,744.0,116.0,0.0,144.0,1331.0,0.0,0.0,0.0
AA062,205/70 R15 96T TOURING DTR1-CU,0.0,774.0,821.0,0.0,0.0,0.0,0.0,0.0,0.0
AA063,205/60 R15 91H TOURING DTR1-CU,0.0,126.0,0.0,0.0,185.0,915.0,227.0,0.0,0.0
AA080,205/50 R17 93V XL TOURING DTR1,0.0,603.0,0.0,0.0,225.0,316.0,242.0,247.0,476.0
AA087,235/45 R18 94V TOURING DTR1-CU,0.0,996.0,0.0,0.0,0.0,0.0,1544.0,2908.0,2734.0
AS038,245/45ZR18 96Y CHAMPIRO UHP AS,0.0,48.0,286.0,0.0,0.0,0.0,0.0,0.0,0.0
AS062,215/60 R16 95T MAXTOUR All Sea,0.0,598.0,950.0,0.0,0.0,0.0,0.0,0.0,0.0
AS070,185/70 R14 88H MAXTOUR All Sea,0.0,337.0,0.0,0.0,0.0,0.0,0.0,0.0,0.0
AS083,P245/75R16 109T OWL ADVENTURO,0.0,308.0,0.0,0.0,0.0,295.0,58.0,0.0,205.0
AS096,LT275/70R18 125/122S 10PR OWL,0.0,317.0,0.0,57.0,31.0,0.0,370.0,0.0,0.0
AS101,LT245/75 R16 120/116S 10PR OWL,0.0,235.0,0.0,0.0,0.0,220.0,0.0,0.0,0.0
AS111,245/45 R18 96V MAXTOUR LX-CURE,0.0,60.0,96.0,262.0,0.0,0.0,0.0,0.0,0.0
AS114,245/45 R20 99V MAXTOUR LX-CURE,0.0,326.0,23.0,0.0,0.0,0.0,0.0,0.0,0.0
AS116,195/55 R16 87V MAXTOUR LX-CURE,0.0,134.0,824.0,313.0,120.0,0.0,0.0,0.0,0.0
AS117,205/60 R16 92V MAXTOUR LX-CURE,0.0,320.0,1429.0,964.0,541.0,458.0,604.0,0.0,0.0
AS120,235/55 R17 99H MAXTOUR LX-CURE,0.0,382.0,241.0,453.0,801.0,0.0,0.0,0.0,0.0
AS122,235/45 R18 94V MAXTOUR LX-CURE,0.0,789.0,294.0,40.0,0.0,0.0,0.0,0.0,0.0
AS138,LT245/75R16 120/116S 10PR ADVE,0.0,56.0,368.0,0.0,0.0,0.0,459.0,0.0,0.0
AS162,LT275/65R20 126/123S E OWL ADV,0.0,423.0,1020.0,0.0,0.0,0.0,0.0,0.0,0.0
AS196,LT265/75R16 123/120S (RM) ALL,0.0,574.0,2660.0,456.0,528.0,1967.0,1111.0,924.0,678.0
AS208,215/50 R17 95V XL MAXTOUR LX-C,0.0,91.0,628.0,1242.0,262.0,0.0,0.0,0.0,0.0
AV683,175/70 R13 82H CLASSIRO-CURED,0.0,100.0,340.0,0.0,0.0,0.0,0.0,0.0,0.0
AW025,LT305/60R18 121/118R TERRAIN A,0.0,623.0,0.0,0.0,0.0,0.0,0.0,0.0,0.0
B024,245/40 ZR18 97Y XL  CHAMPIRO H,0.0,317.0,0.0,0.0,0.0,0.0,0.0,0.0,0.0
B048,265/35 ZR18 97Y XL CHAMPIRO HP,0.0,221.0,0.0,0.0,0.0,0.0,0.0,0.0,0.0
B133,265/50 R20 111W XL CHAMPIRO HP,0.0,25.0,0.0,0.0,379.0,49.0,0.0,0.0,0.0
B254,185 R14C 8PR 102/100R MAXMILER,0.0,381.0,0.0,0.0,0.0,0.0,0.0,0.0,0.0
B324,195/65 R14 89H  CHAMPIRO ECO-C,0.0,123.0,194.0,0.0,533.0,0.0,0.0,0.0,0.0
B355,155 R12C 8PR 88/86R MAXMILER P,0.0,200.0,558.0,536.0,417.0,0.0,244.0,311.0,371.0
B358,185/75 R16C 8PR 104/102T MAXMI,0.0,389.0,0.0,0.0,0.0,0.0,0.0,0.0,0.0
B359,195/70 R15C 8PR 104/102R MAXMI,0.0,466.0,401.0,0.0,43.0,893.0,0.0,114.0,402.0
B362,205/70 R15C 8PR 106/104R MAXMI,0.0,358.0,534.0,295.0,368.0,0.0,1061.0,2545.0,100.0
B369,215/70 R15C 8PR 109/107S MAXMI,0.0,692.0,0.0,505.0,222.0,1843.0,1412.0,128.0,0.0
B376,195/75 R16C 8PR 107/105R MAXMI,0.0,75.0,1202.0,0.0,320.0,0.0,0.0,0.0,0.0
B383,205/75 R15 97S WR CHAMPIRO BXT,0.0,299.0,0.0,0.0,0.0,0.0,0.0,0.0,0.0
B396,195/70 R14 91T  CHAMPIRO BXT P,0.0,201.0,0.0,0.0,0.0,0.0,0.0,0.0,0.0
B410,225/60 R15 96H CHAMPIRO BXT PR,0.0,163.0,0.0,0.0,0.0,217.0,76.0,0.0,0.0
B435,P235/65 R18 104T OWL SAVERO HT,0.0,230.0,0.0,0.0,0.0,191.0,0.0,0.0,0.0
B456,LT245/75 R16 120/116R 10PR OWL,0.0,40.0,0.0,0.0,0.0,228.0,115.0,372.0,354.0
B467,215/60 R16 95V CHAMPIRO GTX PR,0.0,338.0,0.0,0.0,0.0,432.0,0.0,0.0,0.0
B473,225/40 R18 92W XL CHAMPIRO GTX,0.0,28.0,386.0,0.0,0.0,0.0,0.0,0.0,280.0
B502,195/65 R14 89H CHAMPIRO GTX PR,0.0,710.0,703.0,1002.0,2258.0,2598.0,2414.0,1570.0,0.0
B509,215/60 R16 95H CHAMPIRO TOURIN,0.0,3705.0,266.0,0.0,1055.0,0.0,0.0,0.0,0.0
B511,205/60 R16 92V CHAMPIRO TOURIN,0.0,160.0,610.0,0.0,0.0,0.0,465.0,878.0,620.0
B515,215/65 R16 98H CHAMPIRO TOURIN,0.0,84.0,2224.0,0.0,317.0,1161.0,50.0,0.0,0.0
B521,215/60 R17 96H CHAMPIRO TOURIN,0.0,707.0,0.0,0.0,0.0,0.0,123.0,350.0,0.0
B523,235/55 R17 99H CHAMPIRO TOURIN,0.0,181.0,263.0,0.0,112.0,0.0,98.0,25.0,0.0
B554,175/65 R15 84T CHAMPIRO ECO-CU,0.0,112.0,0.0,0.0,384.0,406.0,317.0,0.0,494.0
B585,225/60R16 98H TOURING VP PLUS-,0.0,60.0,0.0,0.0,0.0,0.0,0.0,0.0,0.0
B586,225/65R17 102H TOURING VP PLUS,0.0,320.0,20.0,0.0,0.0,235.0,244.0,0.0,0.0
B602,265/35 ZR18 97W XL (R) CHAMPIR,0.0,709.0,542.0,0.0,0.0,0.0,0.0,0.0,0.0
B607,205/55 ZR16 91W CHAMPIRO HPY-C,0.0,562.0,1356.0,330.0,681.0,1381.0,444.0,347.0,0.0
B618,205/60 R14 88H CHAMPIRO ECO-CU,0.0,100.0,328.0,0.0,0.0,0.0,0.0,0.0,0.0
B626,235/65R16C 121/119R MAXMILER P,0.0,293.0,237.0,169.0,249.0,1186.0,0.0,373.0,1863.0
B689,30X9.50R15LT 6PR 104S OWL SAVE,0.0,572.0,282.0,0.0,639.0,0.0,573.0,614.0,1290.0
B709,285/60 R18 116S OWL SAVERO A/T,0.0,87.0,343.0,0.0,89.0,782.0,0.0,0.0,15.0
B718,205/65R16 95H TOURING VP PLUS-,0.0,1803.0,634.0,0.0,2434.0,2889.0,0.0,0.0,0.0
B722,215/45 R17 87W CHAMPIRO SX-R-C,0.0,486.0,281.0,0.0,0.0,0.0,0.0,0.0,0.0
B748,215/60 R16 95H CHAMPIRO ECOTEC,0.0,946.0,741.0,0.0,204.0,2413.0,0.0,0.0,0.0
B758,245/45 R18 96V CHAMPIRO TOURIN,0.0,37.0,382.0,48.0,64.0,349.0,0.0,0.0,0.0
B762,235/65 R18 106H CHAMPIRO TOURI,0.0,216.0,0.0,422.0,143.0,372.0,210.0,0.0,410.0
B768,245/50 R20 102V CHAMPIRO TOURI,0.0,316.0,0.0,450.0,36.0,0.0,498.0,0.0,0.0
B780,255/45 R20 105W XL CHAMPIRO HP,0.0,20.0,0.0,0.0,0.0,0.0,0.0,0.0,0.0
BM030,205/65 R15 94H RIKEN RAPTOR HR,0.0,349.0,0.0,0.0,0.0,0.0,0.0,815.0,0.0
BM114,195/55 R15 85V RIKEN RAPTOR VR,0.0,76.0,434.0,0.0,0.0,0.0,0.0,0.0,0.0
BM242,235/40 ZR18 95W XL RIKEN RAPTO,0.0,527.0,39.0,0.0,0.0,0.0,532.0,518.0,0.0
BM269,245/40 ZR18 97W XL RIKEN RAPTO,0.0,505.0,0.0,0.0,570.0,26.0,0.0,631.0,123.0
BM435,235/40 R19 92V RIKEN RAPTOR VR,0.0,591.0,0.0,205.0,577.0,0.0,0.0,173.0,568.0
BM463,255/55 R18 105H UNIROYAL TIGER,0.0,251.0,480.0,506.0,675.0,763.0,477.0,919.0,353.0
BM471,215/45 ZR17 91Y XL UNIROYAL PO,0.0,222.0,110.0,0.0,0.0,0.0,0.0,0.0,0.0
BM481,255/45 ZR20 101Y UNIROYAL POWE,0.0,350.0,19.0,0.0,409.0,0.0,353.0,26.0,0.0
BM483,225/45 ZR17 94Y XL UNIROYAL PO,0.0,790.0,10.0,0.0,338.0,491.0,0.0,0.0,0.0
BM489,245/45 ZR18 100Y XL UNIROYAL P,0.0,61.0,0.0,374.0,0.0,0.0,0.0,0.0,399.0
BM505,225/50 ZR18 99W XL UNIROYAL PO,0.0,378.0,0.0,0.0,0.0,0.0,0.0,0.0,0.0
BV291,185/60 R13 80H  CHAMPIRO ECO-C,0.0,100.0,210.0,0.0,0.0,112.0,125.0,0.0,0.0
BV329,175/65 R14 82T (ADM) CHAMPIRO,0.0,136.0,0.0,0.0,0.0,0.0,0.0,0.0,0.0
BV424,175/60 R14 79H CHAMPIRO BXT PR,0.0,100.0,453.0,0.0,0.0,0.0,0.0,0.0,0.0
BV771,185/60 R13 80H CHAMPIRO ECOTEC,0.0,204.0,1447.0,466.0,765.0,551.0,100.0,0.0,0.0
BV775,165/65 R14 79H CHAMPIRO ECOTEC,0.0,100.0,419.0,212.0,1151.0,897.0,179.0,0.0,0.0
BV777,175/70 R14 84H CHAMPIRO ECOTEC,0.0,281.0,312.0,0.0,1042.0,967.0,209.0,0.0,0.0
BX297,155/65 R14 75T  CHAMPIRO ECO-C,0.0,1743.0,0.0,0.0,732.0,1109.0,1220.0,1280.0,586.0
BX395,185/70 R14 88T CHAMPIRO BXT PL,0.0,504.0,734.0,0.0,0.0,0.0,0.0,1334.0,0.0
BX516,235/65R17 104H CHAMPIRO TOURIN,0.0,334.0,279.0,0.0,201.0,427.0,328.0,0.0,0.0
BX537,235/55 R18 100H CHAMPIRO TOURI,0.0,420.0,1435.0,261.0,0.0,602.0,0.0,0.0,0.0
BX575,185/65R15 88H TOURING VP PLUS-,0.0,1842.0,2158.0,0.0,1495.0,3757.0,0.0,767.0,0.0
BX665,235/45R18 94V CHAMPIRO TOURING,0.0,2336.0,193.0,0.0,0.0,5915.0,121.0,0.0,0.0
BX719,215/70R15 98H TOURING VP PLUS-,0.0,147.0,169.0,0.0,139.0,610.0,0.0,0.0,0.0
BX728,175/60 R13 77H CHAMPIRO ECOTEC,0.0,6.0,73.0,0.0,0.0,341.0,0.0,459.0,554.0
BX771,185/60 R13 80H CHAMPIRO ECOTEC,0.0,39.0,0.0,0.0,0.0,0.0,0.0,290.0,2632.0
XA024,195/60 R15 88H TOURING DTR1-CU,0.0,477.0,1530.0,0.0,0.0,0.0,0.0,0.0,0.0
XA031,205/65 R15 94H TOURING DTR1-CU,0.0,2112.0,1566.0,475.0,3411.0,1338.0,3283.0,64.0,2093.0
XA042,225/55 R17 97V TOURING DTR1-CU,0.0,689.0,867.0,0.0,0.0,0.0,0.0,0.0,0.0
XA052,235/65 R16 103T TOURING DTR1-C,0.0,505.0,0.0,0.0,84.0,1350.0,1455.0,291.0,0.0
XA053,235/65R17 104T TOURING DTR1-CU,0.0,1156.0,1634.0,0.0,1433.0,662.0,0.0,0.0,0.0
XA057,185/65 R14 86T TOURING DTR1-CU,0.0,903.0,1402.0,0.0,0.0,0.0,0.0,0.0,145.0
XA059,185/65 R15 88T TOURING DTR1-CU,0.0,2908.0,2261.0,0.0,1045.0,928.0,2868.0,1894.0,1798.0
XP218,215/55R17 94V PS890 TOURING-CU,0.0,33.0,0.0,0.0,0.0,0.0,0.0,0.0,0.0
XP314,215/55R17 94V PS890 TOURING-CU,0.0,77.0,0.0,0.0,135.0,61.0,0.0,0.0,0.0
XS059,195/65 R15 91T MAXTOUR All Sea,0.0,192.0,66.0,145.0,386.0,0.0,236.0,0.0,0.0
XS107,225/45 R18 95V XL MAXTOUR LX-C,0.0,481.0,154.0,0.0,0.0,0.0,0.0,0.0,0.0
XS119,215/55 R16 93H MAXTOUR LX-CURE,0.0,573.0,0.0,0.0,0.0,0.0,0.0,0.0,0.0
A123,225/45 R17 91V  CHAMPIRO SX2-C,0.0,0.0,51.0,0.0,0.0,0.0,0.0,0.0,0.0
B761,245/60 R18 105H CHAMPIRO TOURI,0.0,0.0,36.0,0.0,897.0,0.0,546.0,307.0,0.0
AS115,185/60 R15 84H MAXTOUR LX-CURE,0.0,0.0,174.0,0.0,407.0,364.0,382.0,0.0,0.0
BV729,185/70 R13 86S CHAMPIRO ECOTEC,0.0,0.0,1841.0,1528.0,1327.0,481.0,404.0,0.0,0.0
B485,215/50 R17 95V XL CHAMPIRO GTX,0.0,0.0,990.0,0.0,441.0,754.0,315.0,503.0,267.0
BM244,225/50 ZR17 94W RIKEN RAPTOR Z,0.0,0.0,1189.0,0.0,106.0,350.0,0.0,606.0,662.0
BX712,215/60R15 94H TOURING VP PLUS-,0.0,0.0,219.0,0.0,0.0,0.0,0.0,0.0,0.0
B661,215/65 R16 98H TOURING VP PLUS,0.0,0.0,2495.0,280.0,893.0,1027.0,0.0,0.0,0.0
AA017,LT235/85 R16 120/116R 10PR DHT,0.0,0.0,409.0,168.0,0.0,0.0,0.0,0.0,0.0
AS112,235/50 R17 96V MAXTOUR LX-CURE,0.0,0.0,131.0,358.0,464.0,72.0,108.0,50.0,0.0
AA081,215/50 R17 95V XL TOURING DTR1,0.0,0.0,625.0,2233.0,147.0,137.0,250.0,512.0,163.0
BX518,225/55 R17 97V CHAMPIRO TOURIN,0.0,0.0,133.0,0.0,0.0,0.0,0.0,0.0,0.0
A685,185/70 R13 86H CLASSIRO-CURED,0.0,0.0,205.0,0.0,0.0,0.0,0.0,0.0,0.0
B528,215/60 R16 95V CHAMPIRO TOURIN,0.0,0.0,693.0,0.0,0.0,0.0,0.0,0.0,0.0
BV711,175/70R13 82T TOURING VP PLUS-,0.0,0.0,10.0,0.0,0.0,0.0,0.0,0.0,0.0
XS183,235/50 R19 99V GiTiComfort 225,0.0,0.0,19.0,0.0,48.0,0.0,902.0,3224.0,19162.0
XS203,225/60 R16 98H MAXTOUR LX-CURE,0.0,0.0,528.0,140.0,437.0,322.0,0.0,0.0,0.0
A869,30X9.50 R15 LT 104S OWL SAVERO,0.0,0.0,192.0,0.0,0.0,0.0,0.0,0.0,0.0
AS156,LT245/75R17 121/118S E OWL ADV,0.0,0.0,368.0,0.0,0.0,0.0,0.0,0.0,0.0
BM430,225/60 R17 99V RIKEN RAPTOR VR,0.0,0.0,402.0,0.0,968.0,0.0,234.0,499.0,484.0
B767,245/45 R20 99V CHAMPIRO TOURIN,0.0,0.0,503.0,307.0,0.0,0.0,320.0,0.0,0.0
BM516,275/40 ZR19 105Y XL UNIROYAL P,0.0,0.0,581.0,0.0,0.0,373.0,234.0,192.0,0.0
BM254,205/40 ZR16 83W XL RIKEN RAPTO,0.0,0.0,388.0,0.0,0.0,0.0,0.0,0.0,0.0
XP268,175/70 R13 82T PS890 TOURING-C,0.0,0.0,1763.0,1059.0,2087.0,24.0,0.0,0.0,0.0
XA065,175/70 R13 82T TOURING DTR1-CU,0.0,0.0,101.0,0.0,0.0,0.0,0.0,0.0,0.0
BX673,215/55 R18 99V XL SAVERO SUV-C,0.0,0.0,1825.0,342.0,3398.0,26.0,0.0,0.0,0.0
XM367,225/60 R16 98V UNIROYAL TIGER,0.0,0.0,287.0,0.0,298.0,0.0,0.0,0.0,0.0
B478,205/45 R16 87V XL CHAMPIRO GTX,0.0,0.0,368.0,0.0,0.0,0.0,330.0,75.0,0.0
BX754,215/45 R17 87V CHAMPIRO TOURIN,0.0,0.0,553.0,334.0,84.0,0.0,0.0,0.0,0.0
XA012,P265/70 R17 113T DHT2-CURED TI,0.0,0.0,19.0,0.0,0.0,0.0,0.0,0.0,0.0
B339,185/65 R15 88H CHAMPIRO ECO-CU,0.0,0.0,1389.0,0.0,0.0,0.0,0.0,0.0,0.0
XA038,215/60 R17 96T TOURING DTR1-CU,0.0,0.0,904.0,0.0,91.0,130.0,0.0,0.0,0.0
AS134,265/50R20 107T ADVENTURO HT-CU,0.0,0.0,997.0,465.0,116.0,271.0,275.0,454.0,0.0
B524,225/60 R18 100H CHAMPIRO TOURI,0.0,0.0,1248.0,1471.0,424.0,28.0,212.0,0.0,233.0
A560,215/65 R16 98H SAVERO SUV-CURE,0.0,0.0,811.0,2105.0,140.0,9.0,0.0,397.0,0.0
B046,235/45 ZR17 97Y XL CHAMPIRO HP,0.0,0.0,557.0,0.0,0.0,0.0,81.0,0.0,0.0
A882,265/65 R17 112T SAVERO A/T PLU,0.0,0.0,868.0,111.0,285.0,123.0,144.0,410.0,81.0
AS097,LT245/75 R17 121/118S 10PR OWL,0.0,0.0,220.0,0.0,0.0,0.0,0.0,188.0,516.0
XS069,185/65 R15 88T MAXTOUR All Sea,0.0,0.0,289.0,0.0,0.0,0.0,322.0,0.0,0.0
XP269,175/65 R14 82T PS890 TOURING-C,0.0,0.0,1184.0,446.0,880.0,211.0,0.0,0.0,0.0
AS071,195/70 R14 91T MAXTOUR All Sea,0.0,0.0,170.0,0.0,0.0,0.0,367.0,0.0,0.0
BM510,245/50 ZR18 100Y UNIROYAL POWE,0.0,0.0,383.0,0.0,0.0,0.0,0.0,0.0,0.0
XA060,185/70 R14 88S TOURING DTR1-CU,0.0,0.0,218.0,0.0,0.0,0.0,0.0,0.0,0.0
B763,245/45 R19 102V XL CHAMPIRO TO,0.0,0.0,739.0,0.0,0.0,0.0,0.0,0.0,0.0
BX521,215/60 R17 96H CHAMPIRO TOURIN,0.0,0.0,1688.0,0.0,75.0,0.0,0.0,0.0,0.0
B710,185/60R14 82H TOURING VP PLUS-,0.0,0.0,742.0,0.0,884.0,1147.0,223.0,0.0,0.0
XS180,205/70 R16 97H MAXTOUR LX-CURE,0.0,0.0,321.0,96.0,913.0,190.0,0.0,302.0,0.0
B753,P255/55R20 107H SAVERO HT2-CUR,0.0,0.0,388.0,0.0,0.0,301.0,0.0,250.0,0.0
AS205,215/60 R16 95V MAXTOUR LX-CURE,0.0,0.0,1512.0,2259.0,1418.0,0.0,0.0,0.0,0.0
A229,215/45 ZR17 87W (TRG)  CHAMPIR,0.0,0.0,97.0,0.0,0.0,0.0,0.0,0.0,0.0
BM497,245/55 ZR18 103W UNIROYAL POWE,0.0,0.0,331.0,0.0,0.0,0.0,292.0,0.0,0.0
BV397,205/70 R14 95T CHAMPIRO BXT PL,0.0,0.0,529.0,0.0,0.0,0.0,0.0,0.0,0.0
BX641,165 R14C 8PR 97/95S MAXMILER P,0.0,0.0,251.0,1196.0,279.0,676.0,0.0,1120.0,0.0
BM519,255/40 ZR18 99Y XL UNIROYAL PO,0.0,0.0,366.0,0.0,0.0,0.0,0.0,0.0,0.0
AS127,P265/65R18 112T OWL ADVENTURO,0.0,0.0,304.0,31.0,84.0,0.0,0.0,0.0,0.0
B720,185/60R15 88H XL TOURING VP PL,0.0,0.0,651.0,132.0,653.0,1737.0,287.0,0.0,0.0
B724,245/40 R17 91W CHAMPIRO SX-R-C,0.0,0.0,172.0,0.0,0.0,0.0,0.0,0.0,0.0
A751,235/65 R18 106H SAVERO SUV-CUR,0.0,0.0,417.0,0.0,0.0,0.0,0.0,0.0,0.0
BM104,215/60 R16 95H RIKEN RAPTOR HR,0.0,0.0,864.0,5.0,1024.0,19.0,81.0,0.0,344.0
A539,225/70 R16 103H SAVERO SUV-CUR,0.0,0.0,378.0,0.0,67.0,50.0,0.0,0.0,206.0
B756,235/50 R17 96V CHAMPIRO TOURIN,0.0,0.0,633.0,0.0,0.0,0.0,0.0,553.0,0.0
B723,235/45 R17 94W CHAMPIRO SX-R-C,0.0,0.0,280.0,0.0,0.0,0.0,0.0,0.0,0.0
AS082,P245/65 R17 105T OWL ADVENTURO,0.0,0.0,221.0,0.0,0.0,304.0,0.0,0.0,226.0
XP378,185/70 R14 88T PS890 TOURING-C,0.0,0.0,782.0,59.0,0.0,0.0,0.0,0.0,0.0
BX448,P215/70 R16 99T  SAVERO HT2-CU,0.0,0.0,338.0,0.0,0.0,0.0,0.0,0.0,0.0
BM502,205/45 ZR17 88Y XL UNIROYAL PO,0.0,0.0,337.0,0.0,0.0,0.0,0.0,0.0,0.0
B051,255/35 ZR19 96Y XL CHAMPIRO HP,0.0,0.0,315.0,0.0,0.0,0.0,0.0,0.0,0.0
XA056,205/55 R16 91T TOURING DTR1-CU,0.0,0.0,2984.0,542.0,1704.0,4550.0,4154.0,2578.0,5393.0
AS142,LT245/75R17 121/118S 10PR ADVE,0.0,0.0,327.0,0.0,0.0,0.0,284.0,0.0,0.0
XA084,205/55 R16 91V TOURING DTR1-CU,0.0,0.0,659.0,262.0,0.0,0.0,0.0,0.0,0.0
B445,P245/70 R16 106T OWL SAVERO HT,0.0,0.0,284.0,0.0,316.0,56.0,190.0,0.0,0.0
B472,205/40 R17 84V XL CHAMPIRO GTX,0.0,0.0,245.0,0.0,0.0,308.0,228.0,0.0,0.0
B474,225/45 R18 95W XL CHAMPIRO GTX,0.0,0.0,788.0,0.0,864.0,0.0,0.0,0.0,0.0
AS125,255/55R18109V XL ADVENTURO HT-,0.0,0.0,239.0,0.0,0.0,148.0,0.0,0.0,0.0
BV303,185/65 R14 86H  CHAMPIRO ECO-C,0.0,0.0,438.0,0.0,1280.0,501.0,0.0,0.0,0.0
XM408,205/60 R15 91H BFGOODRICH ADVA,0.0,0.0,399.0,44.0,0.0,0.0,0.0,0.0,0.0
B315,135/80 R13 70T  CHAMPIRO ECO-C,0.0,0.0,221.0,0.0,0.0,0.0,0.0,0.0,0.0
XM388,205/60 R15 91H KLEBER DYNAXER,0.0,0.0,457.0,23.0,0.0,0.0,0.0,0.0,0.0
BM097,195/60 R15 88H RIKEN RAPTOR HR,0.0,0.0,329.0,0.0,148.0,0.0,0.0,0.0,0.0
BV576,195/75R14 92T TOURING VP PLUS-,0.0,0.0,182.0,0.0,0.0,0.0,0.0,0.0,0.0
XP292,185/65R14 86H PS890 TOURING-CU,0.0,0.0,549.0,0.0,0.0,0.0,0.0,0.0,0.0
BX405,205/55 R16 91H  CHAMPIRO BXT P,0.0,0.0,609.0,0.0,317.0,0.0,0.0,0.0,0.0
AP265,245/45 R19 98V PS890 TOURING-C,0.0,0.0,40.0,0.0,0.0,0.0,0.0,0.0,0.0
A325,215/40 ZR17 83W CHAMPIRO SX2-C,0.0,0.0,233.0,0.0,0.0,0.0,0.0,0.0,0.0
AS163,35x12.5 R20 LT 121R E ADVENTUR,0.0,0.0,92.0,50.0,0.0,0.0,0.0,0.0,0.0
B751,P255/60R19 108H SAVERO HT2-CUR,0.0,0.0,241.0,56.0,0.0,0.0,174.0,0.0,0.0
AS099,LT235/85 R16 120/116S 10PR ADV,0.0,0.0,168.0,370.0,0.0,0.0,0.0,0.0,24.0
AS153,LT245/75R16 120/116S E OWL ADV,0.0,0.0,144.0,112.0,0.0,0.0,0.0,0.0,0.0
AS155,LT285/75R16 126/123S E OWL ADV,0.0,0.0,148.0,245.0,0.0,0.0,0.0,0.0,0.0
AS197,LT285/75R16 126/123R (RM) ALL,0.0,0.0,144.0,600.0,300.0,661.0,0.0,550.0,0.0
AS143,LT235/80R17 120/117R 10PR ADVE,0.0,0.0,75.0,57.0,0.0,0.0,0.0,0.0,0.0
A590,255/50 R19 107V XL  CHAMPIRO W,0.0,0.0,85.0,0.0,0.0,0.0,0.0,0.0,0.0
B450,LT235/85 R16 120/116R 10PR SAV,0.0,0.0,260.0,106.0,0.0,59.0,178.0,0.0,0.0
A626,LT235/85R16 120/116Q RWL SAVER,0.0,0.0,196.0,0.0,0.0,168.0,0.0,0.0,260.0
VA057,185/65 R14 86T TOURING DTR1-CU,0.0,0.0,0.0,100.0,1381.0,1386.0,1590.0,338.0,0.0
BV776,195/70 R14 91H CHAMPIRO ECOTEC,0.0,0.0,0.0,1874.0,0.0,0.0,0.0,0.0,0.0
XA079,225/45 R17 91H TOURING DTR1-CU,0.0,0.0,0.0,566.0,0.0,0.0,883.0,790.0,266.0
A610,235/55 R17 103V XL CHAMPIRO WI,0.0,0.0,0.0,56.0,0.0,0.0,0.0,0.0,0.0
BX339,185/65 R15 88H CHAMPIRO ECO-CU,0.0,0.0,0.0,1421.0,23.0,0.0,0.0,0.0,0.0
VP292,185/65R14 86H PS890 TOURING-CU,0.0,0.0,0.0,82.0,0.0,0.0,0.0,0.0,0.0
B773,205/60 R15 91H CHAMPIRO ECOTEC,0.0,0.0,0.0,343.0,0.0,0.0,0.0,0.0,0.0
B706,225/75R16 104T OWL SAVERO A/T,0.0,0.0,0.0,149.0,106.0,0.0,0.0,0.0,0.0
B370,235/65 R16C 8PR 115/113R MAXMI,0.0,0.0,0.0,73.0,0.0,0.0,0.0,0.0,0.0
VP268,175/70 R13 82T PS890 TOURING-C,0.0,0.0,0.0,295.0,327.0,0.0,0.0,0.0,0.0
AA033,215/50 R17 95V XL TOURING DTR1,0.0,0.0,0.0,28.0,0.0,0.0,0.0,0.0,0.0
XS060,205/60 R16 92T MAXTOUR All Sea,0.0,0.0,0.0,118.0,362.0,58.0,62.0,108.0,0.0
A490,LT 235/75 R15 104/101S RWL SAV,0.0,0.0,0.0,66.0,0.0,0.0,0.0,0.0,0.0
BM475,235/50 ZR18 101Y XL UNIROYAL P,0.0,0.0,0.0,260.0,0.0,0.0,0.0,0.0,0.0
BM467,245/60 R20 107H UNIROYAL TIGER,0.0,0.0,0.0,37.0,0.0,0.0,0.0,0.0,0.0
AS078,P275/65 R18 114T OWL ADVENTURO,0.0,0.0,0.0,114.0,0.0,0.0,0.0,0.0,183.0
BX526,235/65 R16 103T CHAMPIRO TOURI,0.0,0.0,0.0,651.0,140.0,483.0,1750.0,0.0,0.0
AS085,P265/65 R17 110T OWL ADVENTURO,0.0,0.0,0.0,435.0,0.0,810.0,397.0,136.0,0.0
B480,225/50 R17 98V XL CHAMPIRO GTX,0.0,0.0,0.0,288.0,0.0,0.0,0.0,0.0,0.0
AS121,225/60 R18 100H MAXTOUR LX-CUR,0.0,0.0,0.0,393.0,42.0,0.0,0.0,0.0,0.0
B662,235/50 R17 96V TOURING VP PLUS,0.0,0.0,0.0,113.0,0.0,327.0,0.0,0.0,0.0
B621,255/50 R20 105H SAVERO HT2-CUR,0.0,0.0,0.0,311.0,71.0,0.0,0.0,268.0,0.0
B540,235/60 R18 107V XL SAVERO HT2-,0.0,0.0,0.0,97.0,553.0,48.0,48.0,481.0,55.0
AS098,LT275/65 R18 123/120S 10PR OWL,0.0,0.0,0.0,112.0,0.0,0.0,128.0,0.0,0.0
B482,225/60 R16 98V CHAMPIRO GTX PR,0.0,0.0,0.0,254.0,112.0,0.0,0.0,0.0,0.0
B486,215/55 R16 93V CHAMPIRO GTX PR,0.0,0.0,0.0,176.0,460.0,0.0,0.0,0.0,0.0
XM439,235/60 R17 102V RIKEN RAPTOR V,0.0,0.0,0.0,129.0,362.0,0.0,0.0,0.0,0.0
BM098,195/65 R15 91H RIKEN RAPTOR HR,0.0,0.0,0.0,155.0,635.0,578.0,174.0,244.0,103.0
AS091,P285/70 R17 117T OWL ADVENTURO,0.0,0.0,0.0,114.0,231.0,36.0,627.0,32.0,672.0
B434,LT265/75 R16 123/120R 10PR OWL,0.0,0.0,0.0,112.0,126.0,0.0,0.0,0.0,0.0
AS133,255/50R20 105H ADVENTURO HT-CU,0.0,0.0,0.0,0.0,152.0,0.0,0.0,0.0,0.0
BM495,205/55 ZR16 91W UNIROYAL POWER,0.0,0.0,0.0,0.0,378.0,0.0,0.0,0.0,0.0
BM256,235/55 ZR17 99W RIKEN RAPTOR Z,0.0,0.0,0.0,0.0,325.0,0.0,0.0,143.0,0.0
XM420,195/55 R15 85V BFGOODRICH ADVA,0.0,0.0,0.0,0.0,619.0,0.0,462.0,0.0,0.0
AA088,215/55 R16 93H TOURING DTR1-CU,0.0,0.0,0.0,0.0,366.0,799.0,1040.0,780.0,511.0
B766,235/55 R19 101V CHAMPIRO TOURI,0.0,0.0,0.0,0.0,772.0,186.0,531.0,0.0,0.0
AS077,P265/70 R17 113T OWL ADVENTURO,0.0,0.0,0.0,0.0,1364.0,92.0,597.0,0.0,0.0
AS052,245/40ZR19 94Y CHAMPIRO UHP AS,0.0,0.0,0.0,0.0,477.0,0.0,0.0,0.0,0.0
AA039,215/65 R17 99T TOURING DTR1-CU,0.0,0.0,0.0,0.0,545.0,0.0,213.0,764.0,160.0
B548,P265/65 R18 112S OWL SAVERO HT,0.0,0.0,0.0,0.0,857.0,940.0,717.0,0.0,0.0
BM233,235/45 ZR17 97W XL RIKEN RAPTO,0.0,0.0,0.0,0.0,462.0,418.0,138.0,267.0,26.0
A558,LT235/85R16 120/116Q RWL SAVER,0.0,0.0,0.0,0.0,369.0,0.0,0.0,0.0,0.0
BX328,155/80 R13 79T (ADM) CHAMPIRO,0.0,0.0,0.0,0.0,470.0,0.0,0.0,5172.0,6489.0
BM204,215/60 R16 95H  UNIROYAL TIGER,0.0,0.0,0.0,0.0,11.0,0.0,0.0,0.0,0.0
BM238,275/40 ZR17 98W RIKEN RAPTOR Z,0.0,0.0,0.0,0.0,368.0,0.0,557.0,526.0,0.0
AS073,205/70 R15 96T MAXTOUR All Sea,0.0,0.0,0.0,0.0,68.0,0.0,0.0,0.0,817.0
B527,225/50 R17 94V CHAMPIRO TOURIN,0.0,0.0,0.0,0.0,29.0,0.0,0.0,0.0,0.0
B296,155/65 R13 73T  CHAMPIRO ECO-C,0.0,0.0,0.0,0.0,122.0,0.0,0.0,74.0,0.0
XA044,225/60R17 99H TOURING DTR1-CUR,0.0,0.0,0.0,0.0,1299.0,298.0,0.0,0.0,0.0
BX676,165/65 R13 77T CHAMPIRO ECOTEC,0.0,0.0,0.0,0.0,1512.0,1646.0,0.0,201.0,1180.0
A540,235/70 R16 106H SAVERO SUV-CUR,0.0,0.0,0.0,0.0,247.0,0.0,0.0,0.0,0.0
AA051,235/60 R17 102T TOURING DTR1-C,0.0,0.0,0.0,0.0,672.0,126.0,390.0,547.0,0.0
B397,205/70 R14 95T CHAMPIRO BXT PL,0.0,0.0,0.0,0.0,387.0,100.0,0.0,0.0,0.0
AA090,205/65 R16 95H TOURING DTR1-CU,0.0,0.0,0.0,0.0,1364.0,1664.0,1568.0,1499.0,1678.0
B750,P255/65R18 111T SAVERO HT2-CUR,0.0,0.0,0.0,0.0,343.0,0.0,201.0,0.0,316.0
BX579,205/70R15 96T TOURING VP PLUS-,0.0,0.0,0.0,0.0,178.0,0.0,150.0,0.0,0.0
B367,205/65 R16C 8PR 107/105T MAXMI,0.0,0.0,0.0,0.0,517.0,604.0,332.0,0.0,0.0
BX333,145/80 R13 75T  CHAMPIRO ECO-C,0.0,0.0,0.0,0.0,469.0,208.0,0.0,0.0,0.0
BV307,145/70 R13 71T  CHAMPIRO ECO-C,0.0,0.0,0.0,0.0,239.0,0.0,0.0,0.0,0.0
AS032,205/55R16 91V CHAMPIRO UHP AS-,0.0,0.0,0.0,0.0,60.0,0.0,0.0,0.0,0.0
AS135,P255/55R20 107H ADVENTURO HT-C,0.0,0.0,0.0,0.0,263.0,0.0,256.0,0.0,0.0
XS028,275/40ZR20 106Y XL CHAMPIRO UH,0.0,0.0,0.0,0.0,58.0,0.0,0.0,0.0,0.0
AS067,185/60 R15 84T MAXTOUR All Sea,0.0,0.0,0.0,0.0,155.0,0.0,0.0,0.0,0.0
XS068,185/65 R15 88H MAXTOUR All Sea,0.0,0.0,0.0,0.0,512.0,0.0,197.0,0.0,0.0
B584,215/70R15 98T TOURING VP PLUS-,0.0,0.0,0.0,0.0,83.0,385.0,0.0,0.0,0.0
A294,33x12.50 R15 108Q LT 6PR RWL S,0.0,0.0,0.0,0.0,305.0,0.0,0.0,0.0,262.0
A579,245/65 R17 111H XL SAVERO SUV-,0.0,0.0,0.0,0.0,253.0,229.0,203.0,0.0,0.0
B419,215/65 R15 96H CHAMPIRO BXT PR,0.0,0.0,0.0,0.0,73.0,226.0,0.0,0.0,307.0
B619,6.50 R14 8PR LT 98/96R MAXMILE,0.0,0.0,0.0,0.0,270.0,161.0,299.0,0.0,0.0
BV580,205/75R14 95T TOURING VP PLUS-,0.0,0.0,0.0,0.0,389.0,1047.0,626.0,0.0,0.0
AS160,LT265/70R18 124/121S E OWL ADV,0.0,0.0,0.0,0.0,104.0,72.0,0.0,0.0,0.0
AS202,215/65 R16 98H MAXTOUR LX-CURE,0.0,0.0,0.0,0.0,85.0,238.0,0.0,0.0,0.0
BM240,245/45 ZR17 95W RIKEN RAPTOR Z,0.0,0.0,0.0,0.0,33.0,983.0,11.0,0.0,0.0
AS139,LT265/75R16 123/120S 10PR OWL,0.0,0.0,0.0,0.0,106.0,0.0,0.0,0.0,0.0
B608,7.50 R16 8PR LT 114/112R MAXMI,0.0,0.0,0.0,0.0,124.0,896.0,0.0,0.0,0.0
XS209,215/60 R17 96H MAXTOUR LX-CURE,0.0,0.0,0.0,0.0,32.0,67.0,0.0,0.0,0.0
B604,255/70 R15C 6PR 112/110S MAXMI,0.0,0.0,0.0,0.0,130.0,0.0,0.0,0.0,0.0
A386,255/70 R15 108H SAVERO SUV-CUR,0.0,0.0,0.0,0.0,0.0,474.0,290.0,0.0,0.0
A575,205/60 R15 91V CHAMPIRO GTX-60,0.0,0.0,0.0,0.0,0.0,76.0,0.0,0.0,0.0
A777,245/65 R17 107T OWL SAVERO A/T,0.0,0.0,0.0,0.0,0.0,100.0,0.0,0.0,0.0
AA040,225/50 R17 94V TOURING DTR1-CU,0.0,0.0,0.0,0.0,0.0,341.0,58.0,93.0,0.0
AS055,255/40ZR19 100Y XL CHAMPIRO UH,0.0,0.0,0.0,0.0,0.0,51.0,0.0,0.0,0.0
AS103,LT245/70 R17 119/116S 10PR OWL,0.0,0.0,0.0,0.0,0.0,560.0,197.0,0.0,0.0
AS104,LT215/85 R16 115/112S 10PR OWL,0.0,0.0,0.0,0.0,0.0,294.0,0.0,0.0,24.0
AS126,P265/60R18 109T OWL ADVENTURO,0.0,0.0,0.0,0.0,0.0,248.0,320.0,416.0,0.0
AS130,P265/70R18 114T OWL ADVENTURO,0.0,0.0,0.0,0.0,0.0,1321.0,0.0,0.0,0.0
AS190,235/55 R18 100V GiTi Control P,0.0,0.0,0.0,0.0,0.0,17.0,25.0,664.0,0.0
AS192,235/60 R18 103V GiTi Control P,0.0,0.0,0.0,0.0,0.0,12.0,0.0,557.0,0.0
AS206,235/60 R17 102H MAXTOUR LX-CUR,0.0,0.0,0.0,0.0,0.0,553.0,31.0,0.0,0.0
AS209,215/60 R17 96H MAXTOUR LX-CURE,0.0,0.0,0.0,0.0,0.0,410.0,120.0,122.0,0.0
AS290,235/55 R20 102W GiTiSport S2-C,0.0,0.0,0.0,0.0,0.0,23.0,0.0,0.0,0.0
AX253,195/70 R14 91H GTR-378-CURED T,0.0,0.0,0.0,0.0,0.0,273.0,0.0,0.0,0.0
AX436,195 R14C 106/104R MAXMILER CX-,0.0,0.0,0.0,0.0,0.0,184.0,614.0,95.0,0.0
B097,195/50 ZR15 82W CHAMPIRO HPX-C,0.0,0.0,0.0,0.0,0.0,160.0,0.0,0.0,0.0
B364,215/75 R16C 10PR 116/114R MAXM,0.0,0.0,0.0,0.0,0.0,469.0,0.0,0.0,0.0
B380,205/75 R14 95S WR CHAMPIRO BXT,0.0,0.0,0.0,0.0,0.0,100.0,0.0,0.0,0.0
B384,215/75 R15 100S WR CHAMPIRO BX,0.0,0.0,0.0,0.0,0.0,480.0,96.0,0.0,0.0
B432,P275/60 R20 114S OWL SAVERO HT,0.0,0.0,0.0,0.0,0.0,205.0,378.0,0.0,0.0
B448,P215/70 R16 99T  SAVERO HT2-CU,0.0,0.0,0.0,0.0,0.0,142.0,0.0,251.0,0.0
B464,245/45 R18 100W XL CHAMPIRO GT,0.0,0.0,0.0,0.0,0.0,483.0,59.0,0.0,0.0
B483,235/45 R17 97W XL CHAMPIRO GTX,0.0,0.0,0.0,0.0,0.0,291.0,56.0,0.0,0.0
B589,235/60R18 107H XL TOURING VP P,0.0,0.0,0.0,0.0,0.0,355.0,442.0,0.0,596.0
B642,175/R14C 8PR 99/98S MAXMILER P,0.0,0.0,0.0,0.0,0.0,15714.0,0.0,0.0,0.0
B694,275/70 R16 114T OWL SAVERO  A/,0.0,0.0,0.0,0.0,0.0,72.0,429.0,0.0,0.0
B769,235/55 R20 102V CHAMPIRO TOURI,0.0,0.0,0.0,0.0,0.0,245.0,371.0,0.0,0.0
BM103,215/55 R16 93H RIKEN RAPTOR HR,0.0,0.0,0.0,0.0,0.0,470.0,0.0,502.0,0.0
BM237,225/45 ZR18 95W XL RIKEN RAPTO,0.0,0.0,0.0,0.0,0.0,632.0,167.0,1329.0,0.0
BX328,155/80 R13 79T (ADM)  CHAMPIRO,0.0,0.0,0.0,0.0,0.0,10195.0,10235.0,0.0,0.0
BX513,185/65 R14 86H CHAMPIRO TOURIN,0.0,0.0,0.0,0.0,0.0,292.0,393.0,0.0,2386.0
BX572,165/55 R14 72H CHAMPIRO BXT PR,0.0,0.0,0.0,0.0,0.0,627.0,874.0,1458.0,0.0
BX584,215/70R15 98T TOURING VP PLUS-,0.0,0.0,0.0,0.0,0.0,70.0,0.0,0.0,0.0
BX713,215/70R14 96T TOURING VP PLUS-,0.0,0.0,0.0,0.0,0.0,477.0,0.0,0.0,0.0
BX739,185/60 R15 84H CHAMPIRO ECOTEC,0.0,0.0,0.0,0.0,0.0,54.0,0.0,0.0,0.0
XA066,175/65 R14 82T TOURING DTR1-CU,0.0,0.0,0.0,0.0,0.0,590.0,800.0,504.0,0.0
XS179,235/65 R16 103T MAXTOUR LX-CUR,0.0,0.0,0.0,0.0,0.0,58.0,0.0,0.0,0.0
XS189,225/50 R18 99V XL GiTiControl,0.0,0.0,0.0,0.0,0.0,21.0,0.0,861.0,0.0
XS220,215/55 R17 94V CONFIDENCE ALL,0.0,0.0,0.0,0.0,0.0,191.0,6866.0,9552.0,8937.0
A675,205/65 R15C 102/100T MAXIMILER,0.0,0.0,0.0,0.0,0.0,0.0,160.0,0.0,0.0
AA060,185/70 R14 88S TOURING DTR1-CU,0.0,0.0,0.0,0.0,0.0,0.0,558.0,551.0,0.0
AP288,225/60R17 99H PS890 TOURING-CU,0.0,0.0,0.0,0.0,0.0,0.0,25.0,0.0,0.0
AS040,225/40ZR18 92Y XL CHAMPIRO UHP,0.0,0.0,0.0,0.0,0.0,0.0,690.0,0.0,41.0
AS051,245/45ZR20 103Y XL CHAMPIRO UH,0.0,0.0,0.0,0.0,0.0,0.0,466.0,0.0,0.0
AS080,P275/55 R20 111H ADVENTURO AT3,0.0,0.0,0.0,0.0,0.0,0.0,70.0,0.0,360.0
AS107,225/45 R18 95V XL MAXTOUR LX-C,0.0,0.0,0.0,0.0,0.0,0.0,202.0,0.0,0.0
AS129,P255/70R18 112T ADVENTURO HT-C,0.0,0.0,0.0,0.0,0.0,0.0,117.0,0.0,0.0
AS131,P245/55R19 103T ADVENTURO HT-C,0.0,0.0,0.0,0.0,0.0,0.0,191.0,0.0,0.0
AS150,LT265/70R17 121/118S 10PR OWL,0.0,0.0,0.0,0.0,0.0,0.0,105.0,43.0,0.0
AS151,275/65R18 116T ADVENTURO ATX-C,0.0,0.0,0.0,0.0,0.0,0.0,25.0,0.0,0.0
AS181,225/65 R17 102H MAXTOUR LX-CUR,0.0,0.0,0.0,0.0,0.0,0.0,102.0,333.0,105.0
AS193,225/55 R19 99V GiTiControl P10,0.0,0.0,0.0,0.0,0.0,0.0,16.0,0.0,0.0
AS229,195/60 R15 88H CONFIDENCE ALL,0.0,0.0,0.0,0.0,0.0,0.0,233.0,4775.0,4356.0
AS291,245/45 R20 103W XL GiTiSport S,0.0,0.0,0.0,0.0,0.0,0.0,18.0,193.0,0.0
B454,P255/65 R17 108S SAVERO HT2-CU,0.0,0.0,0.0,0.0,0.0,0.0,279.0,0.0,256.0
B460,P235/65 R17 103T SAVERO HT2-CU,0.0,0.0,0.0,0.0,0.0,0.0,528.0,78.0,0.0
B462,P225/70 R16 101T OWL SAVERO HT,0.0,0.0,0.0,0.0,0.0,0.0,200.0,0.0,0.0
B469,235/40 R18 95W XL CHAMPIRO GTX,0.0,0.0,0.0,0.0,0.0,0.0,487.0,0.0,0.0
B488,235/45 R18 94W CHAMPIRO GTX PR,0.0,0.0,0.0,0.0,0.0,0.0,503.0,0.0,0.0
B544,LT215/85 R16 115/112R 10PR SAV,0.0,0.0,0.0,0.0,0.0,0.0,161.0,325.0,0.0
B552,185/60 R14 82H CHAMPIRO ECO-CU,0.0,0.0,0.0,0.0,0.0,0.0,232.0,0.0,0.0
B574,185/60 R15 84T TOURING VP PLUS,0.0,0.0,0.0,0.0,0.0,0.0,271.0,152.0,0.0
B575,185/65R15 88H TOURING VP PLUS-,0.0,0.0,0.0,0.0,0.0,0.0,64.0,0.0,0.0
B596,205/50 R17 93V XL CHAMPIRO TOU,0.0,0.0,0.0,0.0,0.0,0.0,119.0,0.0,0.0
B629,LT235/80R17 120/117R E MAXMILE,0.0,0.0,0.0,0.0,0.0,0.0,113.0,463.0,40.0
B655,195/50 R15 82W CHAMPIRO SX-R-C,0.0,0.0,0.0,0.0,0.0,0.0,72.0,0.0,0.0
B660,235/55 R17 99H TOURING VP PLUS,0.0,0.0,0.0,0.0,0.0,0.0,97.0,0.0,0.0
B665,235/45R18 94V CHAMPIRO TOURING,0.0,0.0,0.0,0.0,0.0,0.0,771.0,0.0,0.0
B752,265/50R20 107V SAVERO HT2-CURE,0.0,0.0,0.0,0.0,0.0,0.0,273.0,0.0,239.0
B757,225/45 R18 95V XL CHAMPIRO TOU,0.0,0.0,0.0,0.0,0.0,0.0,505.0,0.0,0.0
B796,LT245/75 R16 10PR 120/116Q OWL,0.0,0.0,0.0,0.0,0.0,0.0,14.0,0.0,0.0
B810,205/55 R16 91V CHAMPIRO LUXE-C,0.0,0.0,0.0,0.0,0.0,0.0,702.0,111.0,0.0
B840,LT225/95 R16C 118/116R 8PR MAX,0.0,0.0,0.0,0.0,0.0,0.0,44.0,167.0,2756.0
BM100,215/60 R15 94H RIKEN RAPTOR HR,0.0,0.0,0.0,0.0,0.0,0.0,520.0,227.0,0.0
BM241,205/50 ZR17 89W RIKEN RAPTOR Z,0.0,0.0,0.0,0.0,0.0,0.0,521.0,582.0,0.0
BM246,275/35 ZR18 95W RIKEN RAPTOR Z,0.0,0.0,0.0,0.0,0.0,0.0,537.0,219.0,0.0
BM247,255/40 ZR17 94W RIKEN RAPTOR Z,0.0,0.0,0.0,0.0,0.0,0.0,465.0,486.0,0.0
BM434,235/55 R18 100V RIKEN RAPTOR V,0.0,0.0,0.0,0.0,0.0,0.0,180.0,855.0,36.0
BV772,175/70 R14 84S CHAMPIRO ECOTEC,0.0,0.0,0.0,0.0,0.0,0.0,100.0,0.0,0.0
BX303,185/65 R14 86H  CHAMPIRO ECO-C,0.0,0.0,0.0,0.0,0.0,0.0,1229.0,979.0,400.0
BX309,165/70 R13 79T  CHAMPIRO ECO-C,0.0,0.0,0.0,0.0,0.0,0.0,100.0,78.0,0.0
BX333,145/80 R13 75T CHAMPIRO ECO-CU,0.0,0.0,0.0,0.0,0.0,0.0,349.0,241.0,354.0
BX497,195/60 R15 88H CHAMPIRO GTX PR,0.0,0.0,0.0,0.0,0.0,0.0,2611.0,629.0,1847.0
BX504,185/65 R15 88H CHAMPIRO GTX PR,0.0,0.0,0.0,0.0,0.0,0.0,3798.0,3421.0,3152.0
BX507,215/70 R15 98H CHAMPIRO TOURIN,0.0,0.0,0.0,0.0,0.0,0.0,349.0,0.0,0.0
BX517,225/65 R17 102H CHAMPIRO TOURI,0.0,0.0,0.0,0.0,0.0,0.0,1079.0,170.0,1497.0
BX661,215/65 R16 98H TOURING VP PLUS,0.0,0.0,0.0,0.0,0.0,0.0,524.0,116.0,0.0
VS065,175/70 R13 82T MAXTOUR All Sea,0.0,0.0,0.0,0.0,0.0,0.0,395.0,349.0,0.0
XA054,215/65 R16 98T TOURING DTR1-CU,0.0,0.0,0.0,0.0,0.0,0.0,1568.0,560.0,1260.0
XA078,215/45 R17 87V TOURING DTR1-CU,0.0,0.0,0.0,0.0,0.0,0.0,67.0,907.0,626.0
XA106,P265/60R18 109T DHT2-CURED TIR,0.0,0.0,0.0,0.0,0.0,0.0,154.0,86.0,0.0
XM437,225/50 R18 95H RIKEN RAPTOR HR,0.0,0.0,0.0,0.0,0.0,0.0,574.0,0.0,0.0
XS061,205/65 R15 94T MAXTOUR All Sea,0.0,0.0,0.0,0.0,0.0,0.0,274.0,0.0,0.0
XS075,215/65 R15 96T MAXTOUR All Sea,0.0,0.0,0.0,0.0,0.0,0.0,298.0,0.0,413.0
XS188,265/60 R18 110V GiTiControl P1,0.0,0.0,0.0,0.0,0.0,0.0,18.0,0.0,0.0
XS222,205/55 R16 91V CONFIDENCE ALL,0.0,0.0,0.0,0.0,0.0,0.0,137.0,11905.0,12016.0
XS226,195/65 R15 91H CONFIDENCE ALL,0.0,0.0,0.0,0.0,0.0,0.0,212.0,8222.0,8572.0
XS227,205/65 R15 94H CONFIDENCE ALL,0.0,0.0,0.0,0.0,0.0,0.0,193.0,4469.0,4634.0
A196,LT265/75 R16 112Q RWL  SAVERO,0.0,0.0,0.0,0.0,0.0,0.0,0.0,152.0,0.0
A253,195/70 R14 91H GTR-378-CURED T,0.0,0.0,0.0,0.0,0.0,0.0,0.0,102.0,0.0
AS042,225/55ZR16 95W CHAMPIRO UHP AS,0.0,0.0,0.0,0.0,0.0,0.0,0.0,216.0,0.0
AS047,245/40ZR18 97Y XL CHAMPIRO UHP,0.0,0.0,0.0,0.0,0.0,0.0,0.0,324.0,0.0
AS056,235/45ZR18 94W CHAMPIRO UHP AS,0.0,0.0,0.0,0.0,0.0,0.0,0.0,76.0,0.0
AS081,P235/70R16 104T OWL ADVENTURO,0.0,0.0,0.0,0.0,0.0,0.0,0.0,27.0,359.0
AS119,215/55 R16 93H MAXTOUR LX-CURE,0.0,0.0,0.0,0.0,0.0,0.0,0.0,307.0,0.0
AS191,235/50 R18 101V XL GiTi Contro,0.0,0.0,0.0,0.0,0.0,0.0,0.0,1194.0,0.0
AS224,215/60 R17 96H CONFIDENCE ALL,0.0,0.0,0.0,0.0,0.0,0.0,0.0,1476.0,570.0
AS225,205/60 R16 92H CONFIDENCE ALL,0.0,0.0,0.0,0.0,0.0,0.0,0.0,3818.0,3981.0
AS228,205/65 R16 95H CONFIDENCE ALL,0.0,0.0,0.0,0.0,0.0,0.0,0.0,3717.0,2615.0
AS230,225/55 R17 101V XL CONFIDENCE,0.0,0.0,0.0,0.0,0.0,0.0,0.0,1258.0,3808.0
AS231,225/50 R17 94V CONFIDENCE ALL,0.0,0.0,0.0,0.0,0.0,0.0,0.0,1051.0,4385.0
AS238,225/60 R17 99H CONFIDENCE ALL,0.0,0.0,0.0,0.0,0.0,0.0,0.0,95.0,4314.0
AS292,255/45 R20 105W XL GiTiSport S,0.0,0.0,0.0,0.0,0.0,0.0,0.0,204.0,0.0
AX748,215/55 R17 94V SAVERO SUV-CURE,0.0,0.0,0.0,0.0,0.0,0.0,0.0,1274.0,2728.0
B404,155/70 R13 75T CHAMPIRO BXT PL,0.0,0.0,0.0,0.0,0.0,0.0,0.0,325.0,43.0
B459,P255/65 R16 106S SAVERO HT2-CU,0.0,0.0,0.0,0.0,0.0,0.0,0.0,157.0,0.0
B628,LT215/85R16 115/112Q E MAXMILE,0.0,0.0,0.0,0.0,0.0,0.0,0.0,206.0,0.0
B813,225/50 R17 94V CHAMPIRO GTX PR,0.0,0.0,0.0,0.0,0.0,0.0,0.0,18.0,0.0
B849,LT285/70 R17 10PR 126/123Q OWL,0.0,0.0,0.0,0.0,0.0,0.0,0.0,156.0,0.0
BM109,215/60 R16 95V RIKEN RAPTOR VR,0.0,0.0,0.0,0.0,0.0,0.0,0.0,65.0,0.0
BM253,225/50 ZR16 92W RIKEN RAPTOR Z,0.0,0.0,0.0,0.0,0.0,0.0,0.0,476.0,0.0
BM255,225/55 ZR16 95W RIKEN RAPTOR Z,0.0,0.0,0.0,0.0,0.0,0.0,0.0,504.0,0.0
BM441,245/45 R19 98V RIKEN RAPTOR VR,0.0,0.0,0.0,0.0,0.0,0.0,0.0,442.0,0.0
BM443,245/50 R20 102V RIKEN RAPTOR V,0.0,0.0,0.0,0.0,0.0,0.0,0.0,557.0,563.0
BV736,195/70 R14 91T CHAMPIRO ECOTEC,0.0,0.0,0.0,0.0,0.0,0.0,0.0,95.0,0.0
BX491,185/55 R15 82V CHAMPIRO GTX PR,0.0,0.0,0.0,0.0,0.0,0.0,0.0,3320.0,0.0
BX499,185/60 R14 82H CHAMPIRO GTX PR,0.0,0.0,0.0,0.0,0.0,0.0,0.0,1788.0,1179.0
BX503,185/65 R14 86H CHAMPIRO GTX PR,0.0,0.0,0.0,0.0,0.0,0.0,0.0,85.0,0.0
BX505,185/60 R15 84H CHAMPIRO GTX PR,0.0,0.0,0.0,0.0,0.0,0.0,0.0,3643.0,1638.0
BX553,195/60 R15 92H XL CHAMPIRO ECO,0.0,0.0,0.0,0.0,0.0,0.0,0.0,2513.0,2103.0
XA003,P235/70 R16 104T DHT2-CURED TI,0.0,0.0,0.0,0.0,0.0,0.0,0.0,5860.0,7105.0
XA047,225/65 R17 102H TOURING DTR1-C,0.0,0.0,0.0,0.0,0.0,0.0,0.0,170.0,382.0
XS202,215/65 R16 98H MAXTOUR LX-CURE,0.0,0.0,0.0,0.0,0.0,0.0,0.0,233.0,0.0
XS223,215/60 R16 95H CONFIDENCE ALL,0.0,0.0,0.0,0.0,0.0,0.0,0.0,7593.0,7971.0
AA097,P235/75 R15 108S XL DEXTERO DA,0.0,0.0,0.0,0.0,0.0,0.0,0.0,0.0,12609.0
AS110,245/45 R19 102V XL MAXTOUR LX-,0.0,0.0,0.0,0.0,0.0,0.0,0.0,0.0,60.0
AS221,215/55 R16 97H XL CONFIDENCE A,0.0,0.0,0.0,0.0,0.0,0.0,0.0,0.0,1185.0
AS233,215/50 R17 95V XL CONFIDENCE A,0.0,0.0,0.0,0.0,0.0,0.0,0.0,0.0,1039.0
AS239,225/60 R18 100H CONFIDENCE ALL,0.0,0.0,0.0,0.0,0.0,0.0,0.0,0.0,912.0
AS240,235/45 R18 98V XL CONFIDENCE A,0.0,0.0,0.0,0.0,0.0,0.0,0.0,0.0,2924.0
AS241,215/65 R16 98H CONFIDENCE ALL,0.0,0.0,0.0,0.0,0.0,0.0,0.0,0.0,1548.0
AS242,215/65 R17 99H CONFIDENCE ALL,0.0,0.0,0.0,0.0,0.0,0.0,0.0,0.0,337.0
AS243,235/60 R17 102H CONFIDENCE ALL,0.0,0.0,0.0,0.0,0.0,0.0,0.0,0.0,1001.0
AS244,235/60 R16 100H CONFIDENCE ALL,0.0,0.0,0.0,0.0,0.0,0.0,0.0,0.0,381.0
AS246,185/60 R15 84H CONFIDENCE ALL,0.0,0.0,0.0,0.0,0.0,0.0,0.0,0.0,1881.0
AS247,185/60 R14 82H CONFIDENCE ALL,0.0,0.0,0.0,0.0,0.0,0.0,0.0,0.0,1282.0
AS249,195/55 R16 87V CONFIDENCE ALL,0.0,0.0,0.0,0.0,0.0,0.0,0.0,0.0,956.0
AS251,235/55 R17 103W XL CONFIDENCE,0.0,0.0,0.0,0.0,0.0,0.0,0.0,0.0,330.0
AS254,225/65 R16 100H CONFIDENCE ALL,0.0,0.0,0.0,0.0,0.0,0.0,0.0,0.0,407.0
AS255,235/50 R18 97V CONFIDENCE ALL,0.0,0.0,0.0,0.0,0.0,0.0,0.0,0.0,135.0
AS268,205/50 R17 93V XL CONFIDENCE A,0.0,0.0,0.0,0.0,0.0,0.0,0.0,0.0,64.0
AS293,255/50 R20 109W XL GiTiSport S,0.0,0.0,0.0,0.0,0.0,0.0,0.0,0.0,306.0
AS294,225/55 R18 98V CONFIDENCE ALL,0.0,0.0,0.0,0.0,0.0,0.0,0.0,0.0,337.0
B029,245/45 ZR18 100Y XL  CHAMPIRO,0.0,0.0,0.0,0.0,0.0,0.0,0.0,0.0,256.0
B307,145/70 R13 71T  CHAMPIRO ECO-C,0.0,0.0,0.0,0.0,0.0,0.0,0.0,0.0,100.0
B514,215/55 R17 94V CHAMPIRO TOURIN,0.0,0.0,0.0,0.0,0.0,0.0,0.0,0.0,56.0
B545,P265/70 R18 114S OWL SAVERO HT,0.0,0.0,0.0,0.0,0.0,0.0,0.0,0.0,108.0
B588,235/60R17 102T TOURING VP PLUS,0.0,0.0,0.0,0.0,0.0,0.0,0.0,0.0,413.0
BM250,205/50 ZR16 91W XL RIKEN RAPTO,0.0,0.0,0.0,0.0,0.0,0.0,0.0,0.0,304.0
BX405,205/55 R16 91H CHAMPIRO BXT PR,0.0,0.0,0.0,0.0,0.0,0.0,0.0,0.0,203.0
BX734,185/65 R14 86H CHAMPIRO ECOTEC,0.0,0.0,0.0,0.0,0.0,0.0,0.0,0.0,466.0
BX775,165/65 R14 79H CHAMPIRO ECOTEC,0.0,0.0,0.0,0.0,0.0,0.0,0.0,0.0,676.0
BX778,155/70 R13 75T CHAMPIRO ECOTEC,0.0,0.0,0.0,0.0,0.0,0.0,0.0,0.0,351.0
XM409,205/60 R15 91V BFGOODRICH ADVA,0.0,0.0,0.0,0.0,0.0,0.0,0.0,0.0,312.0
XM418,175/65 R15 84T BFGOODRICH ADVA,0.0,0.0,0.0,0.0,0.0,0.0,0.0,0.0,384.0
XS030,205/60 R16 92H TOURING DTR1-CU,0.0,0.0,0.0,0.0,0.0,0.0,0.0,0.0,76.0
XS074,205/75 R15 97T MAXTOUR All Sea,0.0,0.0,0.0,0.0,0.0,0.0,0.0,0.0,687.0
XS194,235/45 R19 99V XL GiTiControl,0.0,0.0,0.0,0.0,0.0,0.0,0.0,0.0,187.0
XS195,235/50 R19 103V XL GiTiControl,0.0,0.0,0.0,0.0,0.0,0.0,0.0,0.0,192.0
XS234,215/45 R17 91W XL CONFIDENCE A,0.0,0.0,0.0,0.0,0.0,0.0,0.0,0.0,79.0
XS235,185/65 R15 88H CONFIDENCE ALL,0.0,0.0,0.0,0.0,0.0,0.0,0.0,0.0,3865.0
XS236,185/65 R14 86H CONFIDENCE ALL,0.0,0.0,0.0,0.0,0.0,0.0,0.0,0.0,2010.0
XS237,225/60 R16 98H CONFIDENCE ALL,0.0,0.0,0.0,0.0,0.0,0.0,0.0,0.0,347.0
XS245,215/70 R15 98H CONFIDENCE ALL,0.0,0.0,0.0,0.0,0.0,0.0,0.0,0.0,461.0
XS252,185/70 R14 88T CONFIDENCE ALL,0.0,0.0,0.0,0.0,0.0,0.0,0.0,0.0,664.0
XS253,235/65 R16 103H CONFIDENCE ALL,0.0,0.0,0.0,0.0,0.0,0.0,0.0,0.0,692.0
